sequenceID,fold,llda
ATAC_JV_adipose/samples/AC1/MSC77/problems/chr10:18024675-38818835,1,9.410569
ATAC_JV_adipose/samples/AC1/MSC83/problems/chr12:145739-7189876,1,9.391379
ATAC_JV_adipose/samples/AC1/MSC91/problems/chr11:69774695-87688378,1,9.527986
ATAC_JV_adipose/samples/AC1/MSC91/problems/chr12:145739-7189876,1,9.430924
ATAC_JV_adipose/samples/AC1/MSC91/problems/chr4:75452279-190000000,1,9.725236
ATAC_JV_adipose/samples/AC2/MSC70/problems/chr16:46510000-88389383,1,9.380591
ATAC_JV_adipose/samples/AC2/MSC70/problems/chr1:206482221-223747846,1,9.277106
ATAC_JV_adipose/samples/AC2/MSC70/problems/chr8:87000000-142766515,1,9.506724
ATAC_JV_adipose/samples/AC2/MSC72/problems/chr10:51448845-125869472,1,9.627082
ATAC_JV_adipose/samples/AC2/MSC72/problems/chr11:69774695-87688378,1,9.4419155
ATAC_JV_adipose/samples/AC2/MSC72/problems/chr12:145739-7189876,1,9.214377
ATAC_JV_adipose/samples/AC2/MSC72/problems/chr16:46510000-88389383,1,9.390976
ATAC_JV_adipose/samples/AC2/MSC72/problems/chrX:37148256-49242997,1,9.068228
ATAC_JV_adipose/samples/AC2/MSC73/problems/chr10:18024675-38818835,1,9.331864
ATAC_JV_adipose/samples/AC2/MSC73/problems/chr8:48135599-86500000,1,9.443819
ATAC_JV_adipose/samples/AC2/MSC74/problems/chr2:162200000-234003741,1,9.377838
ATAC_JV_adipose/samples/AC2/MSC74/problems/chr6:60000-58087659,1,9.376059
ATAC_JV_adipose/samples/AC2/MSC77/problems/chr12:145739-7189876,1,9.27822
ATAC_JV_adipose/samples/AC2/MSC77/problems/chr22:20700000-50364777,1,9.5979185
ATAC_JV_adipose/samples/AC2/MSC77/problems/chr6:60000-58087659,1,9.372501
ATAC_JV_adipose/samples/AC2/MSC77/problems/chr8:48135599-86500000,1,9.449108
ATAC_JV_adipose/samples/AC2/MSC80/problems/chr10:51448845-125869472,1,9.328781
ATAC_JV_adipose/samples/AC2/MSC83/problems/chr10:51448845-125869472,1,9.678344
ATAC_JV_adipose/samples/AC2/MSC83/problems/chr11:69774695-87688378,1,9.428737
ATAC_JV_adipose/samples/AC2/MSC83/problems/chr12:66500000-109373470,1,9.464839
ATAC_JV_adipose/samples/AC2/MSC83/problems/chr8:87000000-142766515,1,9.524322
ATAC_JV_adipose/samples/AC2/MSC91/problems/chr10:51448845-125869472,1,9.303097
ATAC_JV_adipose/samples/AC2/MSC91/problems/chr16:46510000-88389383,1,9.744571
ATAC_JV_adipose/samples/AC2/MSC91/problems/chr3:60000-66170270,1,9.801416
ATAC_JV_adipose/samples/ACi/MSC77/problems/chr14:19050000-107289540,1,9.836795
ATAC_JV_adipose/samples/ACi/MSC77/problems/chr3:60000-66170270,1,9.746062
ATAC_JV_adipose/samples/ACi/MSC77/problems/chr4:75452279-190000000,1,9.341679
ATAC_JV_adipose/samples/ACi/MSC80/problems/chr4:75452279-190000000,1,9.341963
ATAC_JV_adipose/samples/ACi/MSC83/problems/chr14:19050000-107289540,1,9.979674
ATAC_JV_adipose/samples/ACi/MSC83/problems/chrX:37148256-49242997,1,9.38536
ATAC_JV_adipose/samples/ACi/MSC91/problems/chr1:206482221-223747846,1,9.578319
ATAC_JV_adipose/samples/AD1/MSC80/problems/chr14:19050000-107289540,1,9.380205
ATAC_JV_adipose/samples/AD1/MSC83/problems/chr12:145739-7189876,1,9.208985
ATAC_JV_adipose/samples/AD1/MSC83/problems/chr14:19050000-107289540,1,9.330699
ATAC_JV_adipose/samples/AD1/MSC91/problems/chr16:46510000-88389383,1,9.345699
ATAC_JV_adipose/samples/AD1/MSC91/problems/chr4:75452279-190000000,1,9.650257
ATAC_JV_adipose/samples/AD1/MSC91/problems/chrX:37148256-49242997,1,9.4944
ATAC_JV_adipose/samples/AD2/MSC70/problems/chr10:18024675-38818835,1,9.019323
ATAC_JV_adipose/samples/AD2/MSC70/problems/chr10:51448845-125869472,1,9.416943
ATAC_JV_adipose/samples/AD2/MSC70/problems/chr14:19050000-107289540,1,9.516432
ATAC_JV_adipose/samples/AD2/MSC70/problems/chr1:206482221-223747846,1,9.543873
ATAC_JV_adipose/samples/AD2/MSC70/problems/chr3:60000-66170270,1,9.414486
ATAC_JV_adipose/samples/AD2/MSC70/problems/chr6:60000-58087659,1,9.444153
ATAC_JV_adipose/samples/AD2/MSC70/problems/chr8:48135599-86500000,1,9.1025
ATAC_JV_adipose/samples/AD2/MSC70/problems/chrX:37148256-49242997,1,8.890241
ATAC_JV_adipose/samples/AD2/MSC72/problems/chr10:51448845-125869472,1,9.45223
ATAC_JV_adipose/samples/AD2/MSC72/problems/chr12:66500000-109373470,1,9.238547
ATAC_JV_adipose/samples/AD2/MSC72/problems/chr3:60000-66170270,1,9.425233
ATAC_JV_adipose/samples/AD2/MSC72/problems/chr4:75452279-190000000,1,9.438425
ATAC_JV_adipose/samples/AD2/MSC73/problems/chr16:46510000-88389383,1,9.327261
ATAC_JV_adipose/samples/AD2/MSC73/problems/chr2:162200000-234003741,1,9.704804
ATAC_JV_adipose/samples/AD2/MSC74/problems/chr14:19050000-107289540,1,9.631827
ATAC_JV_adipose/samples/AD2/MSC74/problems/chr22:20700000-50364777,1,9.397563
ATAC_JV_adipose/samples/AD2/MSC74/problems/chr2:162200000-234003741,1,9.40371
ATAC_JV_adipose/samples/AD2/MSC74/problems/chrX:37148256-49242997,1,9.543049
ATAC_JV_adipose/samples/AD2/MSC80/problems/chr10:18024675-38818835,1,9.41371
ATAC_JV_adipose/samples/AD2/MSC80/problems/chr12:145739-7189876,1,9.380916
ATAC_JV_adipose/samples/AD2/MSC80/problems/chr14:19050000-107289540,1,9.847836
ATAC_JV_adipose/samples/AD2/MSC83/problems/chr12:145739-7189876,1,9.446444
ATAC_JV_adipose/samples/AD2/MSC83/problems/chr2:162200000-234003741,1,9.308362
ATAC_JV_adipose/samples/AD2/MSC91/problems/chr14:19050000-107289540,1,9.704628
ATAC_JV_adipose/samples/AD2/MSC91/problems/chr3:60000-66170270,1,9.62415
ATAC_JV_adipose/samples/Ai/MSC80/problems/chr14:19050000-107289540,1,9.323481
ATAC_JV_adipose/samples/Ai/MSC80/problems/chr3:60000-66170270,1,9.668399
ATAC_JV_adipose/samples/Ai/MSC83/problems/chr11:69774695-87688378,1,9.448502
ATAC_JV_adipose/samples/Ai/MSC83/problems/chr14:19050000-107289540,1,9.343011
ATAC_JV_adipose/samples/Ai/MSC91/problems/chr1:206482221-223747846,1,9.470711
ATAC_JV_adipose/samples/ND2/MSC77/problems/chr12:145739-7189876,1,9.510032
ATAC_JV_adipose/samples/ND2/MSC77/problems/chr12:66500000-109373470,1,9.433948
ATAC_JV_adipose/samples/ND2/MSC77/problems/chr14:19050000-107289540,1,9.36434
ATAC_JV_adipose/samples/ND2/MSC77/problems/chr1:521368-2634220,1,9.690904
ATAC_JV_adipose/samples/ND2/MSC80/problems/chr12:66500000-109373470,1,9.438203
ATAC_JV_adipose/samples/ND2/MSC80/problems/chr22:20700000-50364777,1,9.511584
ATAC_JV_adipose/samples/ND2/MSC80/problems/chr6:60000-58087659,1,9.477616
ATAC_JV_adipose/samples/ND2/MSC83/problems/chr11:69774695-87688378,1,9.404578
ATAC_JV_adipose/samples/ND2/MSC83/problems/chr22:20700000-50364777,1,9.695039
ATAC_JV_adipose/samples/ND2/MSC91/problems/chr12:145739-7189876,1,9.040379
ATAC_JV_adipose/samples/ND2/MSC91/problems/chr1:206482221-223747846,1,9.08121
ATAC_JV_adipose/samples/ND2/MSC91/problems/chr2:162200000-234003741,1,9.388891
CTCF_TDH_ENCODE/samples/GM12878/GM12878_CTCF_Sg__Broad_/problems/chr2:16329724-21153113,1,11.209788
CTCF_TDH_ENCODE/samples/GM12878/GM12878_CTCF_Sg__Broad_/problems/chr3:60000-66170270,1,11.717663
CTCF_TDH_ENCODE/samples/GM12878/GM12878_CTCF_Sg__Broad_/problems/chr5:100000-17500000,1,11.798669
CTCF_TDH_ENCODE/samples/GM12878/GM12878_CTCF_Sg__UTA_/problems/chr4:52660117-59739333,1,10.967982
CTCF_TDH_ENCODE/samples/H1hESC/H1-hESC_CTCF_Sg__Broad_/problems/chr4:52660117-59739333,1,11.483083
CTCF_TDH_ENCODE/samples/HMEC/HMEC_CTCF_Sg__Broad_/problems/chr10:18024675-38818835,1,11.788116
CTCF_TDH_ENCODE/samples/HMEC/HMEC_CTCF_Sg__Broad_/problems/chr4:52660117-59739333,1,11.804379
CTCF_TDH_ENCODE/samples/HMEC/HMEC_CTCF_Sg__Broad_/problems/chr4:75452279-190000000,1,12.365282
CTCF_TDH_ENCODE/samples/HUVEC/HUVEC_CTCF_Sg__Broad_/problems/chr4:52660117-59739333,1,11.294961
CTCF_TDH_ENCODE/samples/HUVEC/HUVEC_CTCF_Sg__Broad_/problems/chr5:100000-17500000,1,11.454261
CTCF_TDH_ENCODE/samples/HUVEC/HUVEC_CTCF_Sg__UTA_/problems/chr10:18024675-38818835,1,11.248448
CTCF_TDH_ENCODE/samples/HUVEC/HUVEC_CTCF_Sg__UW_/problems/chr10:18024675-38818835,1,10.907799
CTCF_TDH_ENCODE/samples/HUVEC/HUVEC_CTCF_Sg__UW_/problems/chr3:60000-66170270,1,10.889378
CTCF_TDH_ENCODE/samples/HUVEC/HUVEC_CTCF_Sg__UW_/problems/chr4:52660117-59739333,1,10.563306
CTCF_TDH_ENCODE/samples/HUVEC/HUVEC_CTCF_Sg__UW_/problems/chr4:75452279-190000000,1,11.265953
CTCF_TDH_ENCODE/samples/HeLaS3/HeLa-S3_CTCF_Sg__UTA_/problems/chr2:16329724-21153113,1,10.650778
CTCF_TDH_ENCODE/samples/HeLaS3/HeLa-S3_CTCF_Sg__UW_/problems/chr2:16329724-21153113,1,11.014667
CTCF_TDH_ENCODE/samples/HepG2/HepG2_CTCF_Sg__Broad_/problems/chr5:100000-17500000,1,11.48734
CTCF_TDH_ENCODE/samples/HepG2/HepG2_CTCF_Sg__UTA_/problems/chr1:17175658-29878082,1,11.145472
CTCF_TDH_ENCODE/samples/Input/MS010302/problems/chr3:60000-66170270,1,14.177597
CTCF_TDH_ENCODE/samples/Input/MS012702/problems/chr2:16329724-21153113,1,13.842004
CTCF_TDH_ENCODE/samples/Input/MS012702/problems/chr5:100000-17500000,1,13.8190365
CTCF_TDH_ENCODE/samples/Input/MS026601/problems/chr4:52660117-59739333,1,13.711996
CTCF_TDH_ENCODE/samples/Input/MS026701/problems/chr10:18024675-38818835,1,13.715937
CTCF_TDH_ENCODE/samples/Input/MS026701/problems/chr5:100000-17500000,1,13.9481945
CTCF_TDH_ENCODE/samples/K562/K562_CTCF_Sg__UTA_/problems/chr1:17175658-29878082,1,10.783431
CTCF_TDH_ENCODE/samples/K562/K562_CTCF_Sg__UTA_/problems/chr5:100000-17500000,1,11.162475
CTCF_TDH_ENCODE/samples/K562/K562_CTCF_Sg__UW_/problems/chr2:16329724-21153113,1,11.118465
H3K27ac-H3K4me3_TDHAM_BP/samples/GR10_H3K27ac/S00SPG_WTSI/problems/chr5:49600000-91636128,1,9.384772
H3K27ac-H3K4me3_TDHAM_BP/samples/GR10_H3K27ac/S00T5F_WTSI/problems/chr5:49600000-91636128,1,8.874085
H3K27ac-H3K4me3_TDHAM_BP/samples/GR11_H3K27ac/S00VVT_WTSI/problems/chr5:49600000-91636128,1,9.026508
H3K27ac-H3K4me3_TDHAM_BP/samples/GR12_H3K27ac/S00WP0_WTSI/problems/chr5:49600000-91636128,1,9.063084
H3K27ac-H3K4me3_TDHAM_BP/samples/GR12_H3K27ac/S00WQZ_WTSI/problems/chr5:49600000-91636128,1,9.239276
H3K27ac-H3K4me3_TDHAM_BP/samples/GR12_H3K27ac/S00XHC_WTSI/problems/chr3:66270270-90504854,1,9.73909
H3K27ac-H3K4me3_TDHAM_BP/samples/GR12_H3K27ac/S00XRT_WTSI/problems/chr5:49600000-91636128,1,9.486945
H3K27ac-H3K4me3_TDHAM_BP/samples/GR12_H3K27ac/S00YBK_WTSI/problems/chr3:66270270-90504854,1,9.850147
H3K27ac-H3K4me3_TDHAM_BP/samples/GR12_H3K27ac/S00YH8_WTSI/problems/chr5:49600000-91636128,1,9.086483
H3K27ac-H3K4me3_TDHAM_BP/samples/GR12_H3K27ac/S00YK2_WTSI/problems/chr5:49600000-91636128,1,9.499166
H3K27ac-H3K4me3_TDHAM_BP/samples/GR13_H3K27ac/S00YVH_WTSI/problems/chr5:49600000-91636128,1,9.327996
H3K27ac-H3K4me3_TDHAM_BP/samples/GR13_H3K27ac/S0100M_WTSI/problems/chr2:16329724-21153113,1,9.540303
H3K27ac-H3K4me3_TDHAM_BP/samples/GR13_H3K27ac/S011AZ_WTSI/problems/chr5:49600000-91636128,1,10.277619
H3K27ac-H3K4me3_TDHAM_BP/samples/GR13_H3K27ac/S01238_WTSI/problems/chr4:52660117-59739333,1,10.112066
H3K27ac-H3K4me3_TDHAM_BP/samples/GR13_H3K27ac/S013CN_WTSI/problems/chr2:16329724-21153113,1,9.7555275
H3K27ac-H3K4me3_TDHAM_BP/samples/GR13_H3K27ac/S013CN_WTSI/problems/chr5:49600000-91636128,1,10.023882
H3K27ac-H3K4me3_TDHAM_BP/samples/GR1_H3K27ac/S0010Q_NCMLS/problems/chr10:60000-17974675,1,9.2998085
H3K27ac-H3K4me3_TDHAM_BP/samples/GR1_H3K27ac/S0010Q_NCMLS/problems/chr5:49600000-91636128,1,9.510668
H3K27ac-H3K4me3_TDHAM_BP/samples/GR1_H3K27ac/S0012M_NCMLS/problems/chr3:60000-66170270,1,9.806202
H3K27ac-H3K4me3_TDHAM_BP/samples/GR1_H3K27ac/S001C2_NCMLS/problems/chr10:60000-17974675,1,9.1306305
H3K27ac-H3K4me3_TDHAM_BP/samples/GR1_H3K27ac/S001C2_NCMLS/problems/chr5:49600000-91636128,1,9.205912
H3K27ac-H3K4me3_TDHAM_BP/samples/GR1_H3K27ac/S001GV_NCMLS/problems/chr11:60000-580000,1,8.496605
H3K27ac-H3K4me3_TDHAM_BP/samples/GR1_H3K27ac/S001GV_NCMLS/problems/chr5:49600000-91636128,1,9.850748
H3K27ac-H3K4me3_TDHAM_BP/samples/GR1_H3K27ac/S001GV_NCMLS/problems/chr8:87000000-142766515,1,9.823357
H3K27ac-H3K4me3_TDHAM_BP/samples/GR1_H3K27ac/S001KN_NCMLS/problems/chr8:87000000-142766515,1,9.408916
H3K27ac-H3K4me3_TDHAM_BP/samples/GR1_H3K27ac/S001NH_NCMLS/problems/chr10:51448845-125869472,1,9.503559
H3K27ac-H3K4me3_TDHAM_BP/samples/GR1_H3K27ac/S001NH_NCMLS/problems/chr10:60000-17974675,1,9.294098
H3K27ac-H3K4me3_TDHAM_BP/samples/GR1_H3K27ac/S001NH_NCMLS/problems/chr4:10000-1423146,1,8.683235
H3K27ac-H3K4me3_TDHAM_BP/samples/GR1_H3K27ac/S001NH_NCMLS/problems/chr4:75452279-190000000,1,9.4965315
H3K27ac-H3K4me3_TDHAM_BP/samples/GR1_H3K27ac/S001NH_NCMLS/problems/chr8:87000000-142766515,1,9.426054
H3K27ac-H3K4me3_TDHAM_BP/samples/GR1_H3K27ac/S001YW_NCMLS/problems/chr10:60000-17974675,1,8.967999
H3K27ac-H3K4me3_TDHAM_BP/samples/GR1_H3K27ac/S001YW_NCMLS/problems/chr11:60000-580000,1,8.29691
H3K27ac-H3K4me3_TDHAM_BP/samples/GR1_H3K27ac/S001YW_NCMLS/problems/chr1:206482221-223747846,1,8.679905
H3K27ac-H3K4me3_TDHAM_BP/samples/GR1_H3K27ac/S001YW_NCMLS/problems/chr3:60000-66170270,1,9.125641
H3K27ac-H3K4me3_TDHAM_BP/samples/GR1_H3K27ac/S001YW_NCMLS/problems/chr5:49600000-91636128,1,9.14538
H3K27ac-H3K4me3_TDHAM_BP/samples/GR1_H3K27ac/S001YW_NCMLS/problems/chr6:160530000-167942073,1,8.598919
H3K27ac-H3K4me3_TDHAM_BP/samples/GR1_H3K27ac/S0020M_NCMLS/problems/chr10:51448845-125869472,1,9.385838
H3K27ac-H3K4me3_TDHAM_BP/samples/GR1_H3K27ac/S0020M_NCMLS/problems/chr1:30028082-91800000,1,9.332345
H3K27ac-H3K4me3_TDHAM_BP/samples/GR1_H3K27ac/S0021K_NCMLS/problems/chr10:51448845-125869472,1,8.996731
H3K27ac-H3K4me3_TDHAM_BP/samples/GR1_H3K27ac/S0021K_NCMLS/problems/chr3:60000-66170270,1,8.971934
H3K27ac-H3K4me3_TDHAM_BP/samples/GR1_H3K27ac/S0021K_NCMLS/problems/chr4:75452279-190000000,1,9.095646
H3K27ac-H3K4me3_TDHAM_BP/samples/GR1_H3K27ac/S0021K_NCMLS/problems/chr6:160530000-167942073,1,8.614098
H3K27ac-H3K4me3_TDHAM_BP/samples/GR1_H3K27ac/S0026A_NCMLS/problems/chr4:10000-1423146,1,8.815613
H3K27ac-H3K4me3_TDHAM_BP/samples/GR1_H3K27ac/S00278_NCMLS/problems/chr1:30028082-91800000,1,9.314716
H3K27ac-H3K4me3_TDHAM_BP/samples/GR1_H3K27ac/S00278_NCMLS/problems/chr3:60000-66170270,1,9.311257
H3K27ac-H3K4me3_TDHAM_BP/samples/GR1_H3K27ac/S00278_NCMLS/problems/chr5:49600000-91636128,1,9.526577
H3K27ac-H3K4me3_TDHAM_BP/samples/GR1_H3K27ac/S00294_NCMLS/problems/chr10:60000-17974675,1,9.254011
H3K27ac-H3K4me3_TDHAM_BP/samples/GR1_H3K4me3/S00DKC_WTSI/problems/chr3:66270270-90504854,1,9.446495
H3K27ac-H3K4me3_TDHAM_BP/samples/GR1_H3K4me3/S00F9Q_WTSI/problems/chr5:49600000-91636128,1,9.853245
H3K27ac-H3K4me3_TDHAM_BP/samples/GR1_H3K4me3/S00G5U_WTSI/problems/chr3:66270270-90504854,1,9.616175
H3K27ac-H3K4me3_TDHAM_BP/samples/GR1_H3K4me3/S00GBI_WTSI/problems/chr3:66270270-90504854,1,9.552689
H3K27ac-H3K4me3_TDHAM_BP/samples/GR1_H3K4me3/S00GEC_WTSI/problems/chr3:66270270-90504854,1,9.413646
H3K27ac-H3K4me3_TDHAM_BP/samples/GR2_H3K27ac/S002EV_NCMLS/problems/chr2:162200000-234003741,1,9.401051
H3K27ac-H3K4me3_TDHAM_BP/samples/GR2_H3K27ac/S002FT_NCMLS/problems/chr2:162200000-234003741,1,9.723835
H3K27ac-H3K4me3_TDHAM_BP/samples/GR2_H3K27ac/S002FT_NCMLS/problems/chr5:49600000-91636128,1,9.667051
H3K27ac-H3K4me3_TDHAM_BP/samples/GR2_H3K27ac/S002WW_NCMLS/problems/chr2:110251337-149690582,1,9.164349
H3K27ac-H3K4me3_TDHAM_BP/samples/GR2_H3K27ac/S002WW_NCMLS/problems/chr2:33200000-87000000,1,9.12162
H3K27ac-H3K4me3_TDHAM_BP/samples/GR2_H3K27ac/S002WW_NCMLS/problems/chr5:49600000-91636128,1,9.171466
H3K27ac-H3K4me3_TDHAM_BP/samples/GR2_H3K27ac/S0032E_NCMLS/problems/chr5:49600000-91636128,1,9.038967
H3K27ac-H3K4me3_TDHAM_BP/samples/GR2_H3K27ac/S00382_NCMLS/problems/chr2:149790582-162100000,1,9.13867
H3K27ac-H3K4me3_TDHAM_BP/samples/GR2_H3K27ac/S00382_NCMLS/problems/chr2:33200000-87000000,1,9.205756
H3K27ac-H3K4me3_TDHAM_BP/samples/GR2_H3K27ac/S00382_NCMLS/problems/chr5:49600000-91636128,1,9.40687
H3K27ac-H3K4me3_TDHAM_BP/samples/GR2_H3K27ac/S003AZ_NCMLS/problems/chr2:162200000-234003741,1,9.125933
H3K27ac-H3K4me3_TDHAM_BP/samples/GR2_H3K27ac/S003JH_NCMLS/problems/chr2:162200000-234003741,1,9.342784
H3K27ac-H3K4me3_TDHAM_BP/samples/GR2_H3K27ac/S003KF_NCMLS/problems/chr2:110251337-149690582,1,9.437363
H3K27ac-H3K4me3_TDHAM_BP/samples/GR2_H3K27ac/S003Q3_NCMLS/problems/chr2:33200000-87000000,1,9.136773
H3K27ac-H3K4me3_TDHAM_BP/samples/GR2_H3K4me3/S00GSL_WTSI/problems/chr5:49600000-91636128,1,9.677536
H3K27ac-H3K4me3_TDHAM_BP/samples/GR2_H3K4me3/S00HVB_WTSI/problems/chr2:33200000-87000000,1,10.1045685
H3K27ac-H3K4me3_TDHAM_BP/samples/GR2_H3K4me3/S00J5I_WTSI/problems/chr3:66270270-90504854,1,8.6077385
H3K27ac-H3K4me3_TDHAM_BP/samples/GR2_H3K4me3/S00JU5_WTSI/problems/chr3:66270270-90504854,1,8.706336
H3K27ac-H3K4me3_TDHAM_BP/samples/GR2_H3K4me3/S00JV3_WTSI/problems/chr5:49600000-91636128,1,8.812504
H3K27ac-H3K4me3_TDHAM_BP/samples/GR2_H3K4me3/S00K0O_WTSI/problems/chr2:110251337-149690582,1,9.193764
H3K27ac-H3K4me3_TDHAM_BP/samples/GR2_H3K4me3/S00K0O_WTSI/problems/chr2:33200000-87000000,1,9.104475
H3K27ac-H3K4me3_TDHAM_BP/samples/GR3_H3K27ac/S003R1_NCMLS/problems/chr5:49600000-91636128,1,9.107662
H3K27ac-H3K4me3_TDHAM_BP/samples/GR3_H3K27ac/S0064Z_NCMLS/problems/chr5:49600000-91636128,1,9.81848
H3K27ac-H3K4me3_TDHAM_BP/samples/GR3_H3K27ac/S006XE_NCMLS/problems/chr5:49600000-91636128,1,9.214367
H3K27ac-H3K4me3_TDHAM_BP/samples/GR3_H3K27ac/S007F9_NCMLS/problems/chr8:12141854-43500000,1,9.326206
H3K27ac-H3K4me3_TDHAM_BP/samples/GR3_H3K4me3/S00K4G_WTSI/problems/chr5:49600000-91636128,1,9.055962
H3K27ac-H3K4me3_TDHAM_BP/samples/GR3_H3K4me3/S00M0G_WTSI/problems/chr3:60000-66170270,1,8.956844
H3K27ac-H3K4me3_TDHAM_BP/samples/GR3_H3K4me3/S00M1E_WTSI/problems/chr5:49600000-91636128,1,8.9266615
H3K27ac-H3K4me3_TDHAM_BP/samples/GR3_H3K4me3/S00NBR_WTSI/problems/chr5:49600000-91636128,1,8.859599
H3K27ac-H3K4me3_TDHAM_BP/samples/GR4_H3K27ac/S007PQ_NCMLS/problems/chr5:49600000-91636128,1,9.290443
H3K27ac-H3K4me3_TDHAM_BP/samples/GR4_H3K27ac/S007VE_McGill/problems/chr5:49600000-91636128,1,8.753269
H3K27ac-H3K4me3_TDHAM_BP/samples/GR4_H3K27ac/S00F9Q_WTSI/problems/chr5:49600000-91636128,1,9.937141
H3K27ac-H3K4me3_TDHAM_BP/samples/GR4_H3K4me3/S00NHF_WTSI/problems/chr16:46510000-88389383,1,9.027416
H3K27ac-H3K4me3_TDHAM_BP/samples/GR4_H3K4me3/S00NQY_WTSI/problems/chr5:49600000-91636128,1,9.066387
H3K27ac-H3K4me3_TDHAM_BP/samples/GR4_H3K4me3/S00NVO_WTSI/problems/chr12:66500000-109373470,1,8.97588
H3K27ac-H3K4me3_TDHAM_BP/samples/GR4_H3K4me3/S00P6T_WTSI/problems/chr16:46510000-88389383,1,8.966406
H3K27ac-H3K4me3_TDHAM_BP/samples/GR5_H3K27ac/S00GEC_WTSI/problems/chr5:49600000-91636128,1,9.667254
H3K27ac-H3K4me3_TDHAM_BP/samples/GR5_H3K27ac/S00GWD_WTSI/problems/chr5:49600000-91636128,1,8.438236
H3K27ac-H3K4me3_TDHAM_BP/samples/GR5_H3K27ac/S00HE8_WTSI/problems/chr5:49600000-91636128,1,8.381153
H3K27ac-H3K4me3_TDHAM_BP/samples/GR5_H3K27ac/S00JD2_WTSI/problems/chr5:49600000-91636128,1,8.7470455
H3K27ac-H3K4me3_TDHAM_BP/samples/GR5_H3K4me3/S00PED_WTSI/problems/chr16:46510000-88389383,1,8.907993
H3K27ac-H3K4me3_TDHAM_BP/samples/GR5_H3K4me3/S00PWE_WTSI/problems/chr5:49600000-91636128,1,8.924305
H3K27ac-H3K4me3_TDHAM_BP/samples/GR5_H3K4me3/S00Q00_WTSI/problems/chr5:49600000-91636128,1,9.909067
H3K27ac-H3K4me3_TDHAM_BP/samples/GR5_H3K4me3/S00Q4T_WTSI/problems/chr16:46510000-88389383,1,8.859725
H3K27ac-H3K4me3_TDHAM_BP/samples/GR5_H3K4me3/S00Q6P_WTSI/problems/chr16:46510000-88389383,1,8.918433
H3K27ac-H3K4me3_TDHAM_BP/samples/GR5_H3K4me3/S00QPO_WTSI/problems/chr16:46510000-88389383,1,8.855133
H3K27ac-H3K4me3_TDHAM_BP/samples/GR5_H3K4me3/S00QTG_WTSI/problems/chr16:46510000-88389383,1,9.009264
H3K27ac-H3K4me3_TDHAM_BP/samples/GR6_H3K27ac/S00KHR_WTSI/problems/chr16:46510000-88389383,1,9.525556
H3K27ac-H3K4me3_TDHAM_BP/samples/GR6_H3K27ac/S00KKL_WTSI/problems/chr5:49600000-91636128,1,9.315186
H3K27ac-H3K4me3_TDHAM_BP/samples/GR6_H3K27ac/S00M1E_WTSI/problems/chr16:46510000-88389383,1,8.576099
H3K27ac-H3K4me3_TDHAM_BP/samples/GR6_H3K27ac/S00M2C_WTSI/problems/chr5:49600000-91636128,1,9.151146
H3K27ac-H3K4me3_TDHAM_BP/samples/GR6_H3K27ac/S00M80_WTSI/problems/chr5:49600000-91636128,1,9.051918
H3K27ac-H3K4me3_TDHAM_BP/samples/GR6_H3K4me3/S00QUE_WTSI/problems/chr5:49600000-91636128,1,8.949335
H3K27ac-H3K4me3_TDHAM_BP/samples/GR6_H3K4me3/S00QY6_WTSI/problems/chr5:49600000-91636128,1,9.00877
H3K27ac-H3K4me3_TDHAM_BP/samples/GR6_H3K4me3/S00S2P_WTSI/problems/chr5:49600000-91636128,1,8.841839
H3K27ac-H3K4me3_TDHAM_BP/samples/GR7_H3K27ac/S00N36_WTSI/problems/chr5:49600000-91636128,1,9.789185
H3K27ac-H3K4me3_TDHAM_BP/samples/GR7_H3K27ac/S00N7Z_WTSI/problems/chr12:66500000-109373470,1,8.6978035
H3K27ac-H3K4me3_TDHAM_BP/samples/GR7_H3K27ac/S00NWM_WTSI/problems/chr12:66500000-109373470,1,9.188066
H3K27ac-H3K4me3_TDHAM_BP/samples/GR7_H3K4me3/S00SPG_WTSI/problems/chr2:162200000-234003741,1,9.61337
H3K27ac-H3K4me3_TDHAM_BP/samples/GR7_H3K4me3/S00SV4_WTSI/problems/chr5:49600000-91636128,1,9.399514
H3K27ac-H3K4me3_TDHAM_BP/samples/GR7_H3K4me3/S00SYZ_WTSI/problems/chr5:49600000-91636128,1,9.351036
H3K27ac-H3K4me3_TDHAM_BP/samples/GR7_H3K4me3/S00T6D_WTSI/problems/chr12:66500000-109373470,1,9.101376
H3K27ac-H3K4me3_TDHAM_BP/samples/GR7_H3K4me3/S00TA5_WTSI/problems/chr2:162200000-234003741,1,9.297453
H3K27ac-H3K4me3_TDHAM_BP/samples/GR7_H3K4me3/S00TA5_WTSI/problems/chr5:49600000-91636128,1,9.127915
H3K27ac-H3K4me3_TDHAM_BP/samples/GR7_H3K4me3/S00TT4_WTSI/problems/chr5:49600000-91636128,1,9.240267
H3K27ac-H3K4me3_TDHAM_BP/samples/GR8_H3K27ac/S00PK1_WTSI/problems/chr5:49600000-91636128,1,9.14836
H3K27ac-H3K4me3_TDHAM_BP/samples/GR8_H3K4me3/S00UKI_WTSI/problems/chr2:162200000-234003741,1,9.063826
H3K27ac-H3K4me3_TDHAM_BP/samples/GR8_H3K4me3/S00UME_WTSI/problems/chr2:162200000-234003741,1,9.126835
H3K27ac-H3K4me3_TDHAM_BP/samples/GR8_H3K4me3/S00V57_WTSI/problems/chr5:49600000-91636128,1,9.164156
H3K27ac-H3K4me3_TDHAM_BP/samples/GR8_H3K4me3/S00V65_WTSI/problems/chr5:49600000-91636128,1,8.95298
H3K27ac-H3K4me3_TDHAM_BP/samples/GR8_H3K4me3/S00VVT_WTSI/problems/chr2:162200000-234003741,1,9.281788
H3K27ac-H3K4me3_TDHAM_BP/samples/GR8_H3K4me3/S00VVT_WTSI/problems/chr5:49600000-91636128,1,9.224262
H3K27ac-H3K4me3_TDHAM_BP/samples/GR8_H3K4me3/S00W29_WTSI/problems/chr2:162200000-234003741,1,8.959734
H3K27ac-H3K4me3_TDHAM_BP/samples/GR8_H3K4me3/S00WP0_WTSI/problems/chr5:49600000-91636128,1,9.19652
H3K27ac-H3K4me3_TDHAM_BP/samples/GR8_H3K4me3/S00WQZ_WTSI/problems/chr5:49600000-91636128,1,10.208719
H3K27ac-H3K4me3_TDHAM_BP/samples/GR9_H3K27ac/S00QRK_WTSI/problems/chr5:49600000-91636128,1,8.824009
H3K27ac-H3K4me3_TDHAM_BP/samples/GR9_H3K27ac/S00R9F_WTSI/problems/chr5:49600000-91636128,1,8.875178
H3K27ac-H3K4me3_TDHAM_BP/samples/GR9_H3K4me3/S00XHC_WTSI/problems/chr5:49600000-91636128,1,8.972358
H3K27ac-H3K4me3_TDHAM_BP/samples/GR9_H3K4me3/S00XRT_WTSI/problems/chr2:162200000-234003741,1,9.7763
H3K27ac-H3K4me3_TDHAM_BP/samples/GR9_H3K4me3/S00YBK_WTSI/problems/chr2:162200000-234003741,1,9.741867
H3K27ac-H3K4me3_TDHAM_BP/samples/GR9_H3K4me3/S00YCI_WTSI/problems/chr5:49600000-91636128,1,9.032497
H3K27ac-H3K4me3_TDHAM_BP/samples/GR9_H3K4me3/S00YEE_WTSI/problems/chr2:162200000-234003741,1,9.101852
H3K27ac-H3K4me3_TDHAM_BP/samples/GR9_H3K4me3/S00YEE_WTSI/problems/chr5:49600000-91636128,1,8.915513
H3K27ac-H3K4me3_TDHAM_BP/samples/GR9_H3K4me3/S00YH8_WTSI/problems/chr5:49600000-91636128,1,8.971481
H3K27ac-H3K4me3_TDHAM_BP/samples/GR9_H3K4me3/S010B0_WTSI/problems/chr2:162200000-234003741,1,9.0275
H3K27ac-H3K4me3_TDHAM_BP/samples/Input/S000X1_NCMLS_Mono/problems/chr10:51448845-125869472,1,10.547639
H3K27ac-H3K4me3_TDHAM_BP/samples/Input/S000X1_NCMLS_Mono/problems/chr2:149790582-162100000,1,10.008793
H3K27ac-H3K4me3_TDHAM_BP/samples/Input/S000X1_NCMLS_Mono/problems/chr2:162200000-234003741,1,10.296509
H3K27ac-H3K4me3_TDHAM_BP/samples/Input/S001C2_NCMLS_Mono/problems/chr2:149790582-162100000,1,10.008265
H3K27ac-H3K4me3_TDHAM_BP/samples/Input/S001GV_NCMLS_GR/problems/chr4:75452279-190000000,1,10.307491
H3K27ac-H3K4me3_TDHAM_BP/samples/Input/S001GV_NCMLS_Mono/problems/chr2:33200000-87000000,1,10.264767
H3K27ac-H3K4me3_TDHAM_BP/samples/Input/S001NH_NCMLS_GR/problems/chr2:33200000-87000000,1,10.217642
H3K27ac-H3K4me3_TDHAM_BP/samples/Input/S001NH_NCMLS_GR/problems/chr4:10000-1423146,1,9.547632
H3K27ac-H3K4me3_TDHAM_BP/samples/Input/S001NH_NCMLS_GR/problems/chr5:49600000-91636128,1,10.148205
H3K27ac-H3K4me3_TDHAM_BP/samples/Input/S001NH_NCMLS_Mono/problems/chr5:49600000-91636128,1,10.193462
H3K27ac-H3K4me3_TDHAM_BP/samples/Input/S001NH_NCMLS_Mono/problems/chr8:87000000-142766515,1,10.219231
H3K27ac-H3K4me3_TDHAM_BP/samples/Input/S0021K_McGill_nTC/problems/chr1:206482221-223747846,1,9.806619
H3K27ac-H3K4me3_TDHAM_BP/samples/Input/S0021K_McGill_nTC/problems/chr2:162200000-234003741,1,10.147079
H3K27ac-H3K4me3_TDHAM_BP/samples/Input/S00294_NCMLS_GR/problems/chr10:60000-17974675,1,10.340492
H3K27ac-H3K4me3_TDHAM_BP/samples/Input/S00294_NCMLS_GR/problems/chr1:30028082-91800000,1,10.105763
H3K27ac-H3K4me3_TDHAM_BP/samples/Input/S00294_NCMLS_GR/problems/chr2:149790582-162100000,1,9.876752
H3K27ac-H3K4me3_TDHAM_BP/samples/Input/S00294_NCMLS_GR/problems/chr5:49600000-91636128,1,10.011129
H3K27ac-H3K4me3_TDHAM_BP/samples/Input/S00294_NCMLS_Mono/problems/chr8:87000000-142766515,1,10.0956335
H3K27ac-H3K4me3_TDHAM_BP/samples/Input/S002EV_McGill_nTC/problems/chr8:87000000-142766515,1,10.392827
H3K27ac-H3K4me3_TDHAM_BP/samples/Input/S002FT_McGill_Mono/problems/chr10:51448845-125869472,1,9.957969
H3K27ac-H3K4me3_TDHAM_BP/samples/Input/S002FT_McGill_Mono/problems/chr10:60000-17974675,1,9.884594
H3K27ac-H3K4me3_TDHAM_BP/samples/Input/S002FT_McGill_Mono/problems/chr11:60000-580000,1,8.495054
H3K27ac-H3K4me3_TDHAM_BP/samples/Input/S002FT_McGill_Mono/problems/chr3:60000-66170270,1,10.080713
H3K27ac-H3K4me3_TDHAM_BP/samples/Input/S002KJ_McGill_Mono/problems/chr4:10000-1423146,1,9.319069
H3K27ac-H3K4me3_TDHAM_BP/samples/Input/S002KJ_NCMLS_GR/problems/chr11:60000-580000,1,9.248245
H3K27ac-H3K4me3_TDHAM_BP/samples/Input/S002KJ_NCMLS_GR/problems/chr2:33200000-87000000,1,10.532673
H3K27ac-H3K4me3_TDHAM_BP/samples/Input/S002KJ_NCMLS_GR/problems/chr8:87000000-142766515,1,10.084374
H3K27ac-H3K4me3_TDHAM_BP/samples/Input/S002KJ_NCMLS_Mono/problems/chr1:30028082-91800000,1,10.239649
H3K27ac-H3K4me3_TDHAM_BP/samples/Input/S002KJ_NCMLS_Mono/problems/chr4:10000-1423146,1,9.344338
H3K27ac-H3K4me3_TDHAM_BP/samples/Input/S006UK_McGill_GR/problems/chr10:60000-17974675,1,9.895515
H3K27ac-H3K4me3_TDHAM_BP/samples/Input/S006UK_McGill_GR/problems/chr1:206482221-223747846,1,9.770954
H3K27ac-H3K4me3_TDHAM_BP/samples/Input/S006UK_McGill_GR/problems/chr5:49600000-91636128,1,9.851619
H3K27ac-H3K4me3_TDHAM_BP/samples/Input/S007CF_McGill_GR/problems/chr11:60000-580000,1,8.644999
H3K27ac-H3K4me3_TDHAM_BP/samples/Input/S007CF_McGill_GR/problems/chr1:206482221-223747846,1,9.7913265
H3K27ac-H3K4me3_TDHAM_BP/samples/Input/S007CF_McGill_GR/problems/chr2:33200000-87000000,1,9.960821
H3K27ac-H3K4me3_TDHAM_BP/samples/Input/S007VE_McGill_GR/problems/chr10:60000-17974675,1,9.728844
H3K27ac-H3K4me3_TDHAM_BP/samples/Input/S007VE_McGill_GR/problems/chr2:162200000-234003741,1,10.386502
H3K27ac-H3K4me3_TDHAM_BP/samples/Input/S007VE_McGill_GR/problems/chr3:60000-66170270,1,10.075155
H3K27ac-H3K4me3_TDHAM_BP/samples/Input/S007VE_McGill_GR/problems/chr4:75452279-190000000,1,10.187904
H3K27ac-H3K4me3_TDHAM_BP/samples/Input/S00D9Y_McGill_nTC/problems/chr10:60000-17974675,1,10.182184
H3K27ac-H3K4me3_TDHAM_BP/samples/Input/S00D9Y_McGill_nTC/problems/chr2:110251337-149690582,1,10.130039
H3K27ac-H3K4me3_TDHAM_BP/samples/Input/S00D9Y_McGill_nTC/problems/chr2:149790582-162100000,1,9.907977
H3K27ac-H3K4me3_TDHAM_BP/samples/Input/S00D9Y_McGill_nTC/problems/chr3:60000-66170270,1,10.145031
H3K27ac-H3K4me3_TDHAM_BP/samples/Input/S00DKC_McGill_nTC/problems/chr2:33200000-87000000,1,10.121365
H3K27ac-H3K4me3_TDHAM_BP/samples/Input/S00DQ0_McGill_nTC/problems/chr1:206482221-223747846,1,9.953039
H3K27ac-H3K4me3_TDHAM_BP/samples/Input/S00DQ0_McGill_nTC/problems/chr1:30028082-91800000,1,10.145487
H3K27ac-H3K4me3_TDHAM_BP/samples/Input/S00DQ0_McGill_nTC/problems/chr2:149790582-162100000,1,9.854593
H3K27ac-H3K4me3_TDHAM_BP/samples/Input/S00DQ0_McGill_nTC/problems/chr2:33200000-87000000,1,10.124735
H3K27ac-H3K4me3_TDHAM_BP/samples/Input/S00DQ0_McGill_nTC/problems/chr3:60000-66170270,1,10.139417
H3K27ac-H3K4me3_TDHAM_BP/samples/Input/S00E9U_McGill_nTC/problems/chr2:162200000-234003741,1,10.420103
H3K27ac-H3K4me3_TDHAM_BP/samples/Input/S00E9U_McGill_nTC/problems/chr3:60000-66170270,1,9.985862
H3K27ac-H3K4me3_TDHAM_BP/samples/Input/S00E9U_McGill_nTC/problems/chr5:49600000-91636128,1,10.139868
H3K27ac-H3K4me3_TDHAM_BP/samples/Input/S00G7Q_McGill_nTC/problems/chr2:149790582-162100000,1,9.745952
H3K27ac-H3K4me3_TDHAM_BP/samples/Input/S00G7Q_McGill_nTC/problems/chr3:60000-66170270,1,10.144398
H3K27ac-H3K4me3_TDHAM_BP/samples/Input/S00G7Q_McGill_nTC/problems/chr4:10000-1423146,1,9.373177
H3K27ac-H3K4me3_TDHAM_BP/samples/Input/S00GBI_McGill_nTC/problems/chr10:60000-17974675,1,9.81079
H3K27ac-H3K4me3_TDHAM_BP/samples/Input/S00GBI_McGill_nTC/problems/chr2:149790582-162100000,1,9.901874
H3K27ac-H3K4me3_TDHAM_BP/samples/Input/S00GBI_McGill_nTC/problems/chr4:75452279-190000000,1,10.080476
H3K27ac-H3K4me3_TDHAM_BP/samples/Input/S00GEC_McGill_nTC/problems/chr2:110251337-149690582,1,9.824947
H3K27ac-H3K4me3_TDHAM_BP/samples/Input/S00GEC_McGill_nTC/problems/chr2:33200000-87000000,1,10.131334
H3K27ac-H3K4me3_TDHAM_BP/samples/Input/S00GEC_McGill_nTC/problems/chr4:75452279-190000000,1,10.218608
H3K27ac-H3K4me3_TDHAM_BP/samples/Input/S00GEC_McGill_nTC/problems/chr6:160530000-167942073,1,9.752663
H3K27ac-H3K4me3_TDHAM_BP/samples/Input/S00GEC_McGill_nTC/problems/chr8:87000000-142766515,1,10.411696
H3K27ac-H3K4me3_TDHAM_BP/samples/Input/S00GSL_McGill_nTC/problems/chr1:30028082-91800000,1,10.153517
H3K27ac-H3K4me3_TDHAM_BP/samples/Input/S00GSL_McGill_nTC/problems/chr4:10000-1423146,1,9.360434
H3K27ac-H3K4me3_TDHAM_BP/samples/Input/S00GSL_McGill_nTC/problems/chr8:87000000-142766515,1,10.400912
H3K27ac-H3K4me3_TDHAM_BP/samples/Input/S00GWD_McGill_nTC/problems/chr4:10000-1423146,1,9.463772
H3K27ac-H3K4me3_TDHAM_BP/samples/Input/S00GWD_McGill_nTC/problems/chr4:75452279-190000000,1,10.255905
H3K27ac-H3K4me3_TDHAM_BP/samples/Input/S00HVB_McGill_nTC/problems/chr4:10000-1423146,1,9.264238
H3K27ac-H3K4me3_TDHAM_BP/samples/Input/S00HVB_McGill_nTC/problems/chr5:49600000-91636128,1,9.8297415
H3K27ac-H3K4me3_TDHAM_BP/samples/Input/S00HVB_McGill_nTC/problems/chr8:87000000-142766515,1,10.388102
H3K27ac-H3K4me3_TDHAM_BP/samples/Input/S00JT7_McGill_nTC/problems/chr2:149790582-162100000,1,9.809427
H3K27ac-H3K4me3_TDHAM_BP/samples/Input/S00JYY_McGill_nTC/problems/chr2:149790582-162100000,1,9.748433
H3K27ac-H3K4me3_TDHAM_BP/samples/Input/S00JYY_McGill_nTC/problems/chr4:75452279-190000000,1,10.536095
H3K27ac-H3K4me3_TDHAM_BP/samples/Input/S00KEX_McGill_nTC/problems/chr11:60000-580000,1,9.242641
H3K27ac-H3K4me3_TDHAM_BP/samples/Input/S00KEX_McGill_nTC/problems/chr2:110251337-149690582,1,10.003355
H3K27ac-H3K4me3_TDHAM_BP/samples/Input/S00KEX_McGill_nTC/problems/chr4:10000-1423146,1,9.285292
H3K27ac-H3K4me3_TDHAM_BP/samples/Mono10_H3K27ac/S00S2P_WTSI/problems/chr4:52660117-59739333,1,9.26038
H3K27ac-H3K4me3_TDHAM_BP/samples/Mono10_H3K27ac/S00S2P_WTSI/problems/chr5:49600000-91636128,1,9.601395
H3K27ac-H3K4me3_TDHAM_BP/samples/Mono10_H3K27ac/S00S4L_WTSI/problems/chr4:52660117-59739333,1,9.217391
H3K27ac-H3K4me3_TDHAM_BP/samples/Mono10_H3K27ac/S00S4L_WTSI/problems/chr5:49600000-91636128,1,9.699123
H3K27ac-H3K4me3_TDHAM_BP/samples/Mono10_H3K27ac/S00S7F_WTSI/problems/chr4:52660117-59739333,1,9.206276
H3K27ac-H3K4me3_TDHAM_BP/samples/Mono10_H3K27ac/S00SE1_WTSI/problems/chr4:52660117-59739333,1,9.216179
H3K27ac-H3K4me3_TDHAM_BP/samples/Mono10_H3K27ac/S00SHW_WTSI/problems/chr5:49600000-91636128,1,9.369712
H3K27ac-H3K4me3_TDHAM_BP/samples/Mono10_H3K27ac/S00SJS_WTSI/problems/chr4:52660117-59739333,1,9.212024
H3K27ac-H3K4me3_TDHAM_BP/samples/Mono10_H3K27ac/S00SV4_WTSI/problems/chr4:52660117-59739333,1,9.357456
H3K27ac-H3K4me3_TDHAM_BP/samples/Mono10_H3K27ac/S00SX0_WTSI/problems/chr5:49600000-91636128,1,9.564271
H3K27ac-H3K4me3_TDHAM_BP/samples/Mono10_H3K27ac/S00SYZ_WTSI/problems/chr4:52660117-59739333,1,9.122055
H3K27ac-H3K4me3_TDHAM_BP/samples/Mono10_H3K27ac/S00T5F_WTSI/problems/chr5:49600000-91636128,1,9.362497
H3K27ac-H3K4me3_TDHAM_BP/samples/Mono12_H3K27ac/S00W45_WTSI/problems/chr5:49600000-91636128,1,9.767796
H3K27ac-H3K4me3_TDHAM_BP/samples/Mono12_H3K27ac/S00YBK_WTSI/problems/chr5:49600000-91636128,1,9.624029
H3K27ac-H3K4me3_TDHAM_BP/samples/Mono13_H3K27ac/S00YVH_WTSI/problems/chr5:49600000-91636128,1,9.562805
H3K27ac-H3K4me3_TDHAM_BP/samples/Mono1_H3K27ac/S000GZ_NCMLS/problems/chr8:12141854-43500000,1,9.321012
H3K27ac-H3K4me3_TDHAM_BP/samples/Mono1_H3K27ac/S000X1_NCMLS/problems/chr11:55100000-69089801,1,8.884651
H3K27ac-H3K4me3_TDHAM_BP/samples/Mono1_H3K27ac/S000X1_NCMLS/problems/chr11:60000-580000,1,8.35103
H3K27ac-H3K4me3_TDHAM_BP/samples/Mono1_H3K27ac/S000X1_NCMLS/problems/chr1:206482221-223747846,1,9.048855
H3K27ac-H3K4me3_TDHAM_BP/samples/Mono1_H3K27ac/S000X1_NCMLS/problems/chr4:10000-1423146,1,8.349995
H3K27ac-H3K4me3_TDHAM_BP/samples/Mono1_H3K27ac/S000X1_NCMLS/problems/chr4:75452279-190000000,1,9.362995
H3K27ac-H3K4me3_TDHAM_BP/samples/Mono1_H3K27ac/S0010Q_NCMLS/problems/chr1:30028082-91800000,1,9.213871
H3K27ac-H3K4me3_TDHAM_BP/samples/Mono1_H3K27ac/S0012M_NCMLS/problems/chr10:51448845-125869472,1,9.555207
H3K27ac-H3K4me3_TDHAM_BP/samples/Mono1_H3K27ac/S0012M_NCMLS/problems/chr10:60000-17974675,1,9.43137
H3K27ac-H3K4me3_TDHAM_BP/samples/Mono1_H3K27ac/S0012M_NCMLS/problems/chr11:55100000-69089801,1,9.38179
H3K27ac-H3K4me3_TDHAM_BP/samples/Mono1_H3K27ac/S0012M_NCMLS/problems/chr1:30028082-91800000,1,9.678291
H3K27ac-H3K4me3_TDHAM_BP/samples/Mono1_H3K27ac/S0012M_NCMLS/problems/chr5:49600000-91636128,1,9.7728195
H3K27ac-H3K4me3_TDHAM_BP/samples/Mono1_H3K27ac/S0012M_NCMLS/problems/chr8:87000000-142766515,1,9.537747
H3K27ac-H3K4me3_TDHAM_BP/samples/Mono1_H3K27ac/S001C2_NCMLS/problems/chr3:60000-66170270,1,9.5021515
H3K27ac-H3K4me3_TDHAM_BP/samples/Mono1_H3K27ac/S001C2_NCMLS/problems/chr8:12141854-43500000,1,9.376671
H3K27ac-H3K4me3_TDHAM_BP/samples/Mono1_H3K27ac/S001GV_NCMLS/problems/chr10:51448845-125869472,1,9.764275
H3K27ac-H3K4me3_TDHAM_BP/samples/Mono1_H3K27ac/S001GV_NCMLS/problems/chr10:60000-17974675,1,9.5967865
H3K27ac-H3K4me3_TDHAM_BP/samples/Mono1_H3K27ac/S001KN_NCMLS/problems/chr10:60000-17974675,1,9.183456
H3K27ac-H3K4me3_TDHAM_BP/samples/Mono1_H3K27ac/S001NH_NCMLS/problems/chr10:60000-17974675,1,9.064567
H3K27ac-H3K4me3_TDHAM_BP/samples/Mono1_H3K27ac/S001NH_NCMLS/problems/chr1:206482221-223747846,1,9.151413
H3K27ac-H3K4me3_TDHAM_BP/samples/Mono1_H3K27ac/S001NH_NCMLS/problems/chr1:30028082-91800000,1,9.292641
H3K27ac-H3K4me3_TDHAM_BP/samples/Mono1_H3K27ac/S001NH_NCMLS/problems/chr3:60000-66170270,1,9.240039
H3K27ac-H3K4me3_TDHAM_BP/samples/Mono1_H3K27ac/S001NH_NCMLS/problems/chr4:10000-1423146,1,8.427174
H3K27ac-H3K4me3_TDHAM_BP/samples/Mono1_H3K27ac/S0020M_NCMLS/problems/chr8:87000000-142766515,1,9.515072
H3K27ac-H3K4me3_TDHAM_BP/samples/Mono1_H3K27ac/S0021K_NCMLS/problems/chr10:60000-17974675,1,8.968543
H3K27ac-H3K4me3_TDHAM_BP/samples/Mono1_H3K27ac/S0021K_NCMLS/problems/chr1:206482221-223747846,1,9.092663
H3K27ac-H3K4me3_TDHAM_BP/samples/Mono1_H3K27ac/S0021K_NCMLS/problems/chr4:75452279-190000000,1,9.285714
H3K27ac-H3K4me3_TDHAM_BP/samples/Mono1_H3K27ac/S0026A_McGill/problems/chr4:10000-1423146,1,8.3347225
H3K27ac-H3K4me3_TDHAM_BP/samples/Mono1_H3K27ac/S0026A_McGill/problems/chr6:160530000-167942073,1,8.447727
H3K27ac-H3K4me3_TDHAM_BP/samples/Mono1_H3K27ac/S0026A_McGill/problems/chr8:12141854-43500000,1,8.759285
H3K27ac-H3K4me3_TDHAM_BP/samples/Mono1_H3K27ac/S0026A_NCMLS/problems/chr10:60000-17974675,1,9.038456
H3K27ac-H3K4me3_TDHAM_BP/samples/Mono1_H3K27ac/S00278_NCMLS/problems/chr4:75452279-190000000,1,9.320548
H3K27ac-H3K4me3_TDHAM_BP/samples/Mono1_H3K27ac/S00294_NCMLS/problems/chr10:51448845-125869472,1,9.344669
H3K27ac-H3K4me3_TDHAM_BP/samples/Mono2_H3K27ac/S002EV_NCMLS/problems/chr2:162200000-234003741,1,9.433903
H3K27ac-H3K4me3_TDHAM_BP/samples/Mono2_H3K27ac/S002FT_McGill/problems/chr2:110251337-149690582,1,8.561863
H3K27ac-H3K4me3_TDHAM_BP/samples/Mono2_H3K27ac/S002FT_McGill/problems/chr2:149790582-162100000,1,8.567289
H3K27ac-H3K4me3_TDHAM_BP/samples/Mono2_H3K27ac/S002FT_NCMLS/problems/chr2:149790582-162100000,1,9.042826
H3K27ac-H3K4me3_TDHAM_BP/samples/Mono2_H3K27ac/S002FT_NCMLS/problems/chr2:162200000-234003741,1,9.310818
H3K27ac-H3K4me3_TDHAM_BP/samples/Mono2_H3K27ac/S002FT_NCMLS/problems/chr2:33200000-87000000,1,9.150776
H3K27ac-H3K4me3_TDHAM_BP/samples/Mono2_H3K27ac/S002XU_NCMLS/problems/chr2:33200000-87000000,1,9.434097
H3K27ac-H3K4me3_TDHAM_BP/samples/Mono2_H3K27ac/S002XU_NCMLS/problems/chr5:49600000-91636128,1,9.457432
H3K27ac-H3K4me3_TDHAM_BP/samples/Mono2_H3K27ac/S0031G_NCMLS/problems/chr2:149790582-162100000,1,8.835171
H3K27ac-H3K4me3_TDHAM_BP/samples/Mono2_H3K27ac/S0032E_NCMLS/problems/chr2:110251337-149690582,1,8.985058
H3K27ac-H3K4me3_TDHAM_BP/samples/Mono2_H3K27ac/S003AZ_NCMLS/problems/chr2:149790582-162100000,1,8.911651
H3K27ac-H3K4me3_TDHAM_BP/samples/Mono2_H3K27ac/S003KF_NCMLS/problems/chr2:110251337-149690582,1,9.423248
H3K27ac-H3K4me3_TDHAM_BP/samples/Mono2_H3K27ac/S003KF_NCMLS/problems/chr2:162200000-234003741,1,9.414066
H3K27ac-H3K4me3_TDHAM_BP/samples/Mono2_H3K27ac/S003KF_NCMLS/problems/chr2:33200000-87000000,1,9.495262
H3K27ac-H3K4me3_TDHAM_BP/samples/Mono3_H3K27ac/S00630_NCMLS/problems/chr5:49600000-91636128,1,9.49276
H3K27ac-H3K4me3_TDHAM_BP/samples/Mono4_H3K27ac/S00E9U_WTSI/problems/chr5:49600000-91636128,1,9.917519
H3K27ac-H3K4me3_TDHAM_BP/samples/Mono4_H3K27ac/S00F9Q_WTSI/problems/chr5:49600000-91636128,1,9.328732
H3K27ac-H3K4me3_TDHAM_BP/samples/Mono4_H3K27ac/S00FVJ_WTSI/problems/chr5:49600000-91636128,1,9.890203
H3K27ac-H3K4me3_TDHAM_BP/samples/Mono6_H3K27ac/S00K4G_WTSI/problems/chr5:49600000-91636128,1,9.945307
H3K27ac-H3K4me3_TDHAM_BP/samples/Mono6_H3K27ac/S00KHR_WTSI/problems/chr5:49600000-91636128,1,9.679119
H3K27ac-H3K4me3_TDHAM_BP/samples/Mono6_H3K27ac/S00KKL_WTSI/problems/chr5:49600000-91636128,1,9.399683
H3K27ac-H3K4me3_TDHAM_BP/samples/Mono6_H3K27ac/S00M2C_WTSI/problems/chr5:49600000-91636128,1,9.2169695
H3K27ac-H3K4me3_TDHAM_BP/samples/Mono6_H3K27ac/S00M48_WTSI/problems/chr5:49600000-91636128,1,9.240117
H3K27ac-H3K4me3_TDHAM_BP/samples/Mono7_H3K27ac/S00NXK_WTSI/problems/chr5:49600000-91636128,1,9.409199
H3K27ac-H3K4me3_TDHAM_BP/samples/Mono8_H3K27ac/S00PED_WTSI/problems/chr5:49600000-91636128,1,9.671631
H3K27ac-H3K4me3_TDHAM_BP/samples/Mono8_H3K27ac/S00PWE_WTSI/problems/chr5:49600000-91636128,1,9.45591
H3K27ac-H3K4me3_TDHAM_BP/samples/Mono8_H3K27ac/S00Q6P_WTSI/problems/chr5:49600000-91636128,1,9.669441
H3K27ac-H3K4me3_TDHAM_BP/samples/Mono9_H3K27ac/S00QRK_WTSI/problems/chr5:49600000-91636128,1,9.54147
H3K27ac-H3K4me3_TDHAM_BP/samples/nTC10_H3K27ac/S00RMQ_McGill/problems/chr5:49600000-91636128,1,8.515606
H3K27ac-H3K4me3_TDHAM_BP/samples/nTC10_H3K27ac/S00S2P_McGill/problems/chr5:49600000-91636128,1,9.042561
H3K27ac-H3K4me3_TDHAM_BP/samples/nTC11_H3K27ac/S00U1J_McGill/problems/chr5:49600000-91636128,1,8.512318
H3K27ac-H3K4me3_TDHAM_BP/samples/nTC12_H3K27ac/S00XHC_McGill/problems/chr5:49600000-91636128,1,9.48024
H3K27ac-H3K4me3_TDHAM_BP/samples/nTC13_H3K27ac/S00YVH_McGill/problems/chr5:49600000-91636128,1,9.169815
H3K27ac-H3K4me3_TDHAM_BP/samples/nTC13_H3K27ac/S01246_McGill/problems/chr5:49600000-91636128,1,9.375979
H3K27ac-H3K4me3_TDHAM_BP/samples/nTC14_H3K27ac/S00KU1_McGill/problems/chr5:49600000-91636128,1,9.845037
H3K27ac-H3K4me3_TDHAM_BP/samples/nTC1_H3K27ac/S000GZ_McGill/problems/chr11:55100000-69089801,1,8.6579485
H3K27ac-H3K4me3_TDHAM_BP/samples/nTC1_H3K27ac/S0012M_McGill/problems/chr8:12141854-43500000,1,8.9393425
H3K27ac-H3K4me3_TDHAM_BP/samples/nTC1_H3K27ac/S001C2_McGill/problems/chr4:52660117-59739333,1,8.627007
H3K27ac-H3K4me3_TDHAM_BP/samples/nTC1_H3K27ac/S001GV_McGill/problems/chr11:55100000-69089801,1,8.6621895
H3K27ac-H3K4me3_TDHAM_BP/samples/nTC1_H3K27ac/S001GV_McGill/problems/chr4:52660117-59739333,1,8.938235
H3K27ac-H3K4me3_TDHAM_BP/samples/nTC1_H3K27ac/S0021K_McGill/problems/chr11:55100000-69089801,1,8.703342
H3K27ac-H3K4me3_TDHAM_BP/samples/nTC1_H3K27ac/S0026A_McGill/problems/chr4:52660117-59739333,1,8.405832
H3K27ac-H3K4me3_TDHAM_BP/samples/nTC1_H3K27ac/S0026A_McGill/problems/chr8:12141854-43500000,1,8.492321
H3K27ac-H3K4me3_TDHAM_BP/samples/nTC2_H3K27ac/S002FT_McGill/problems/chr5:49600000-91636128,1,8.630825
H3K27ac-H3K4me3_TDHAM_BP/samples/nTC2_H3K27ac/S002MF_McGill/problems/chr5:49600000-91636128,1,9.429354
H3K27ac-H3K4me3_TDHAM_BP/samples/nTC2_H3K27ac/S002WW_McGill/problems/chr5:49600000-91636128,1,8.693012
H3K27ac-H3K4me3_TDHAM_BP/samples/nTC2_H3K27ac/S00382_McGill/problems/chr5:49600000-91636128,1,9.059711
H3K27ac-H3K4me3_TDHAM_BP/samples/nTC4_H3K27ac/S007PQ_McGill/problems/chr5:49600000-91636128,1,8.734859
H3K27ac-H3K4me3_TDHAM_BP/samples/nTC4_H3K27ac/S007WC_McGill/problems/chr5:49600000-91636128,1,8.731893
H3K27ac-H3K4me3_TDHAM_BP/samples/nTC4_H3K27ac/S00D9Y_McGill/problems/chr5:49600000-91636128,1,9.099957
H3K27ac-H3K4me3_TDHAM_BP/samples/nTC5_H3K27ac/S00G7Q_McGill/problems/chr5:49600000-91636128,1,9.283283
H3K27ac-H3K4me3_TDHAM_BP/samples/nTC5_H3K27ac/S00GSL_McGill/problems/chr5:49600000-91636128,1,9.026684
H3K27ac-H3K4me3_TDHAM_BP/samples/nTC5_H3K27ac/S00J5I_McGill/problems/chr5:49600000-91636128,1,9.3873825
H3K27ac-H3K4me3_TDHAM_BP/samples/nTC6_H3K27ac/S00M2C_McGill/problems/chr5:49600000-91636128,1,9.372986
H3K27ac-H3K4me3_TDHAM_BP/samples/nTC7_H3K27ac/S00MBV_McGill/problems/chr5:49600000-91636128,1,9.095745
H3K27ac-H3K4me3_TDHAM_BP/samples/nTC7_H3K27ac/S00N36_McGill/problems/chr5:49600000-91636128,1,8.62804
H3K27ac-H3K4me3_TDHAM_BP/samples/nTC7_H3K27ac/S00N7Z_McGill/problems/chr5:49600000-91636128,1,9.57026
H3K27ac-H3K4me3_TDHAM_BP/samples/nTC8_H3K27ac/S00PYA_McGill/problems/chr5:49600000-91636128,1,8.858942
H3K27ac-H3K4me3_TDHAM_BP/samples/nTC9_H3K27ac/S00QPO_McGill/problems/chr5:49600000-91636128,1,8.8989315
H3K27ac-H3K4me3_TDHAM_BP/samples/nTC9_H3K27ac/S00RAD_McGill/problems/chr5:49600000-91636128,1,8.864368
H3K27ac_TDH_some/samples/bcell/MS009101/problems/chr1:13607162-16800000,1,11.384478
H3K27ac_TDH_some/samples/bcell/MS009101/problems/chr1:149509645-205922707,1,9.505325
H3K27ac_TDH_some/samples/bcell/MS012703/problems/chr3:93504854-194041961,1,9.335495
H3K27ac_TDH_some/samples/brain/CEMT0023.gDNA/problems/chr1:13607162-16800000,1,11.537418
H3K27ac_TDH_some/samples/hematopoietic/CEMT0031.gDNA/problems/chr3:60000-66170270,1,10.955965
H3K27ac_TDH_some/samples/ips/MS032901/problems/chr3:93504854-194041961,1,9.439444
H3K27ac_TDH_some/samples/ips/MS033001/problems/chr3:60000-66170270,1,8.785382
H3K27ac_TDH_some/samples/ips/MS033101/problems/chr1:30028082-91800000,1,8.922927
H3K27ac_TDH_some/samples/kidney/MS002201/problems/chr1:30028082-91800000,1,9.992399
H3K27ac_TDH_some/samples/kidney/MS002202/problems/chr1:30028082-91800000,1,9.31109
H3K27ac_TDH_some/samples/kidney/MS040101/problems/chr1:149509645-205922707,1,9.961704
H3K27ac_TDH_some/samples/kidney/MS040101/problems/chr3:60000-66170270,1,8.848528
H3K27ac_TDH_some/samples/kidney/MS040102/problems/chr1:149509645-205922707,1,9.771252
H3K27ac_TDH_some/samples/kidney/MS040301/problems/chr1:149509645-205922707,1,9.780693
H3K27ac_TDH_some/samples/kidney/MS040302/problems/chr1:13607162-16800000,1,8.924795
H3K27ac_TDH_some/samples/kidney/MS040302/problems/chr1:149509645-205922707,1,9.71027
H3K27ac_TDH_some/samples/kidney/MS040302/problems/chr1:30028082-91800000,1,9.632917
H3K27ac_TDH_some/samples/kidney/MS040302/problems/chr3:60000-66170270,1,8.477162
H3K27me3_RL_cancer/samples/BT245/C19-Rx/problems/chr1:149509645-205922707,1,16.287899
H3K27me3_RL_cancer/samples/BT245/C24-Rx/problems/chr8:7524649-12091854,1,16.544985
H3K27me3_RL_cancer/samples/BT416/C11-Rx/problems/chr1:149004460-149459645,1,15.916986
H3K27me3_RL_cancer/samples/DIPGVI/C27/problems/chr20:34947085-61091437,1,15.455393
H3K27me3_RL_cancer/samples/DIPGVI/C30-Rx/problems/chr15:77912000-82829645,1,15.693391
H3K27me3_RL_cancer/samples/DIPGXIII/C12-Rx/problems/chr1:149509645-205922707,1,16.382372
H3K27me3_RL_cancer/samples/DIPGXIII/C12-Rx/problems/chr20:34947085-61091437,1,16.046144
H3K27me3_RL_cancer/samples/DIPGXIII/C12-Rx/problems/chr7:282484-50370631,1,16.976177
H3K27me3_RL_cancer/samples/DIPGXIII/C12-Rx/problems/chr8:7524649-12091854,1,16.076687
H3K27me3_RL_cancer/samples/DIPGXIII/C12-Rx/problems/chr9:10000-39663686,1,15.855722
H3K27me3_RL_cancer/samples/DIPGXIII/C14-Rx/problems/chr20:34947085-61091437,1,16.059752
H3K27me3_RL_cancer/samples/DIPGXIII/C14-Rx/problems/chr4:9324642-31820917,1,16.21935
H3K27me3_RL_cancer/samples/DIPGXIII/p11/problems/chr15:77912000-82829645,1,16.052536
H3K27me3_RL_cancer/samples/DIPGXIII/p11/problems/chr4:9324642-31820917,1,15.89637
H3K27me3_RL_cancer/samples/DIPGXIII/p11/problems/chr9:10000-39663686,1,16.37652
H3K27me3_RL_cancer/samples/G477/p5-Rx/problems/chr1:149004460-149459645,1,15.400036
H3K27me3_RL_cancer/samples/G477/p5-Rx/problems/chr1:149509645-205922707,1,15.272766
H3K27me3_RL_cancer/samples/G477/p6/problems/chr15:77912000-82829645,1,15.366219
H3K27me3_RL_cancer/samples/G477/p6/problems/chr1:148734147-148954460,1,15.819959
H3K27me3_RL_cancer/samples/G477/p6/problems/chr4:9324642-31820917,1,15.598594
H3K27me3_RL_cancer/samples/Input/DIPGXIII_C14-Rx/problems/chr20:34947085-61091437,1,14.97356
H3K27me3_RL_cancer/samples/PS10801/p18/problems/chr1:148734147-148954460,1,16.51564
H3K27me3_RL_cancer/samples/PS10801/p18/problems/chr7:282484-50370631,1,16.274487
H3K27me3_RL_cancer/samples/PS10801/p18/problems/chr8:7524649-12091854,1,15.790652
H3K27me3_RL_cancer/samples/PS10801/p18/problems/chr9:10000-39663686,1,15.673178
H3K27me3_RL_cancer/samples/pcGBM2/p18/problems/chr1:148734147-148954460,1,15.904507
H3K27me3_RL_cancer/samples/pcGBM2/p18/problems/chr1:149509645-205922707,1,15.617788
H3K27me3_RL_cancer/samples/pcGBM2/p18/problems/chr4:9324642-31820917,1,15.400221
H3K27me3_RL_cancer/samples/pcGBM2/p18/problems/chr8:7524649-12091854,1,15.656305
H3K27me3_RL_cancer/samples/pcGBM2/p18/problems/chr9:10000-39663686,1,15.546347
H3K27me3_TDH_some/samples/brain/CEMT0023.gDNA/problems/chr4:75452279-190000000,1,10.911169
H3K27me3_TDH_some/samples/hematopoietic/CEMT0031.gDNA/problems/chr4:75452279-190000000,1,11.403551
H3K27me3_TDH_some/samples/hematopoietic/CEMT0032.gDNA/problems/chr14:19050000-107289540,1,11.467819
H3K27me3_TDH_some/samples/hematopoietic/CEMT0032.gDNA/problems/chr3:60000-66170270,1,11.184732
H3K27me3_TDH_some/samples/hematopoietic/CEMT0032.gDNA/problems/chr3:93504854-194041961,1,11.29456
H3K36me3_AM_immune/samples/bcell/McGill0322/problems/chr12:7239876-34856694,1,10.71358
H3K36me3_AM_immune/samples/bcell/McGill0322/problems/chr7:100606043-130154523,1,10.674594
H3K36me3_AM_immune/samples/monocyte/McGill0001/problems/chr12:37856694-109373470,1,10.51383
H3K36me3_AM_immune/samples/monocyte/McGill0001/problems/chr15:29209443-82829645,1,10.721494
H3K36me3_AM_immune/samples/monocyte/McGill0001/problems/chr18:18510898-52059136,1,11.4721575
H3K36me3_AM_immune/samples/monocyte/McGill0001/problems/chr6:95830543-157559467,1,10.520556
H3K36me3_AM_immune/samples/monocyte/McGill0001/problems/chr8:86726451-142766515,1,10.574394
H3K36me3_AM_immune/samples/monocyte/McGill0002/problems/chr13:19020000-86760324,1,11.217605
H3K36me3_AM_immune/samples/monocyte/McGill0002/problems/chr14:19000000-107289540,1,10.839627
H3K36me3_AM_immune/samples/monocyte/McGill0002/problems/chr17:62460760-77546461,1,11.862583
H3K36me3_AM_immune/samples/monocyte/McGill0079/problems/chr12:7239876-34856694,1,11.957285
H3K36me3_AM_immune/samples/monocyte/McGill0079/problems/chr3:60000-66170270,1,10.878686
H3K36me3_AM_immune/samples/monocyte/McGill0079/problems/chr6:95830543-157559467,1,11.125033
H3K36me3_AM_immune/samples/monocyte/McGill0079/problems/chr8:86726451-142766515,1,11.22832
H3K36me3_AM_immune/samples/monocyte/McGill0101/problems/chr10:18024675-38818835,1,11.443319
H3K36me3_AM_immune/samples/monocyte/McGill0101/problems/chr12:37856694-109373470,1,11.624745
H3K36me3_AM_immune/samples/monocyte/McGill0101/problems/chr15:29209443-82829645,1,11.688828
H3K36me3_AM_immune/samples/monocyte/McGill0101/problems/chr4:75452279-191044276,1,11.354719
H3K36me3_AM_immune/samples/monocyte/McGill0104/problems/chr10:18024675-38818835,1,11.02344
H3K36me3_AM_immune/samples/monocyte/McGill0104/problems/chr12:7239876-34856694,1,11.450204
H3K36me3_AM_immune/samples/monocyte/McGill0104/problems/chr16:46385801-88389383,1,10.990278
H3K36me3_AM_immune/samples/monocyte/McGill0104/problems/chr3:60000-66170270,1,10.8332205
H3K36me3_AM_immune/samples/monocyte/McGill0104/problems/chr4:75452279-191044276,1,10.535304
H3K36me3_AM_immune/samples/tcell/McGill0004/problems/chr10:51448845-125869472,1,10.645993
H3K36me3_AM_immune/samples/tcell/McGill0004/problems/chr15:29209443-82829645,1,10.7230625
H3K36me3_AM_immune/samples/tcell/McGill0004/problems/chr3:60000-66170270,1,10.959435
H3K36me3_AM_immune/samples/tcell/McGill0004/problems/chr7:100606043-130154523,1,10.925566
H3K36me3_AM_immune/samples/tcell/McGill0005/problems/chr12:7239876-34856694,1,10.769288
H3K36me3_AM_immune/samples/tcell/McGill0005/problems/chr17:62460760-77546461,1,10.982677
H3K36me3_AM_immune/samples/tcell/McGill0007/problems/chr12:7239876-34856694,1,10.312856
H3K36me3_AM_immune/samples/tcell/McGill0007/problems/chr18:18510898-52059136,1,11.241944
H3K36me3_AM_immune/samples/tcell/McGill0007/problems/chr2:21178113-87668206,1,10.278146
H3K36me3_AM_immune/samples/tcell/McGill0007/problems/chr8:86726451-142766515,1,10.20305
H3K36me3_AM_immune/samples/tcell/McGill0008/problems/chr14:19000000-107289540,1,10.40218
H3K36me3_AM_immune/samples/tcell/McGill0008/problems/chr18:18510898-52059136,1,11.921255
H3K36me3_AM_immune/samples/tcell/McGill0009/problems/chr14:19000000-107289540,1,10.410357
H3K36me3_AM_immune/samples/tcell/McGill0009/problems/chr3:60000-66170270,1,10.481922
H3K36me3_AM_immune/samples/tcell/McGill0011/problems/chr11:96437584-134946516,1,11.388139
H3K36me3_AM_immune/samples/tcell/McGill0011/problems/chr18:18510898-52059136,1,11.644262
H3K36me3_AM_immune/samples/tcell/McGill0011/problems/chr3:60000-66170270,1,10.59255
H3K36me3_AM_immune/samples/tcell/McGill0011/problems/chr4:75452279-191044276,1,10.41144
H3K36me3_AM_immune/samples/tcell/McGill0011/problems/chr6:95830543-157559467,1,10.918763
H3K36me3_AM_immune/samples/tcell/McGill0024/problems/chr10:18024675-38818835,1,11.628518
H3K36me3_AM_immune/samples/tcell/McGill0024/problems/chr10:51448845-125869472,1,10.472408
H3K36me3_AM_immune/samples/tcell/McGill0024/problems/chr13:19020000-86760324,1,10.59799
H3K36me3_AM_immune/samples/tcell/McGill0024/problems/chr14:19000000-107289540,1,10.503822
H3K36me3_AM_immune/samples/tcell/McGill0024/problems/chr18:18510898-52059136,1,11.097984
H3K36me3_AM_immune/samples/tcell/McGill0025/problems/chr10:51448845-125869472,1,9.953465
H3K36me3_AM_immune/samples/tcell/McGill0025/problems/chr12:37856694-109373470,1,9.9988165
H3K36me3_AM_immune/samples/tcell/McGill0025/problems/chr13:19020000-86760324,1,10.390933
H3K36me3_AM_immune/samples/tcell/McGill0025/problems/chr15:29209443-82829645,1,10.477001
H3K36me3_AM_immune/samples/tcell/McGill0025/problems/chr17:62460760-77546461,1,10.309093
H3K36me3_AM_immune/samples/tcell/McGill0025/problems/chr3:60000-66170270,1,10.409323
H3K36me3_AM_immune/samples/tcell/McGill0025/problems/chr4:75452279-191044276,1,10.209967
H3K36me3_AM_immune/samples/tcell/McGill0026/problems/chr14:19000000-107289540,1,10.3526325
H3K36me3_AM_immune/samples/tcell/McGill0026/problems/chr8:86726451-142766515,1,10.5999565
H3K36me3_AM_immune/samples/tcell/McGill0027/problems/chr2:21178113-87668206,1,10.421919
H3K36me3_AM_immune/samples/tcell/McGill0027/problems/chr6:95830543-157559467,1,10.419203
H3K36me3_AM_immune/samples/tcell/McGill0028/problems/chr15:29209443-82829645,1,10.39698
H3K36me3_AM_immune/samples/tcell/McGill0028/problems/chr18:18510898-52059136,1,11.358822
H3K36me3_AM_immune/samples/tcell/McGill0028/problems/chr8:86726451-142766515,1,10.109146
H3K36me3_AM_immune/samples/tcell/McGill0102/problems/chr10:51448845-125869472,1,10.490374
H3K36me3_AM_immune/samples/tcell/McGill0102/problems/chr17:34725848-62410760,1,11.099073
H3K36me3_AM_immune/samples/tcell/McGill0102/problems/chr18:18510898-52059136,1,11.104086
H3K36me3_AM_immune/samples/tcell/McGill0102/problems/chr1:3995268-13052998,1,11.153063
H3K36me3_AM_immune/samples/tcell/McGill0102/problems/chr2:21178113-87668206,1,10.66131
H3K36me3_AM_immune/samples/tcell/McGill0106/problems/chr8:86726451-142766515,1,10.55063
H3K36me3_AM_immune/samples/tcell/McGill0106/problems/chr9:92678796-133073060,1,10.920925
H3K36me3_AM_immune/samples/tcell/McGill0107/problems/chr12:37856694-109373470,1,10.493612
H3K36me3_AM_immune/samples/tcell/McGill0107/problems/chr17:62460760-77546461,1,11.025117
H3K36me3_AM_immune/samples/tcell/McGill0107/problems/chr7:100606043-130154523,1,11.037629
H3K36me3_TDH_ENCODE/samples/aorta/ENCFF654ZIL/problems/chr6:60000-58087659,1,10.271663
H3K36me3_TDH_ENCODE/samples/aorta/ENCFF717XWS/problems/chr5:100000-17500000,1,9.773202
H3K36me3_TDH_ENCODE/samples/aorta/ENCFF717XWS/problems/chr7:62500000-74715724,1,10.318532
H3K36me3_TDH_ENCODE/samples/colon/ENCFF496CCH/problems/chr6:60000-58087659,1,9.897851
H3K36me3_TDH_ENCODE/samples/colon/ENCFF496CCH/problems/chr8:48135599-86500000,1,9.721536
H3K36me3_TDH_ENCODE/samples/colon/ENCFF496CCH/problems/chr8:87000000-142766515,1,9.774486
H3K36me3_TDH_ENCODE/samples/skeletalMuscle/ENCFF000BLH/problems/chr8:87000000-142766515,1,8.884827
H3K36me3_TDH_ENCODE/samples/skeletalMuscle/ENCFF000BLL/problems/chr7:62500000-74715724,1,9.402291
H3K36me3_TDH_ENCODE/samples/skeletalMuscle/ENCFF060PYR/problems/chr6:60000-58087659,1,7.971156
H3K36me3_TDH_ENCODE/samples/skeletalMuscle/ENCFF060PYR/problems/chr8:87000000-142766515,1,8.53194
H3K36me3_TDH_ENCODE/samples/skeletalMuscle/ENCFF430SDF/problems/chr7:62500000-74715724,1,10.16087
H3K36me3_TDH_ENCODE/samples/skeletalMuscle/ENCFF430SDF/problems/chr8:87000000-142766515,1,8.803569
H3K36me3_TDH_ENCODE/samples/thyroid/ENCFF119YYL/problems/chr8:87000000-142766515,1,10.381504
H3K36me3_TDH_ENCODE/samples/thyroid/ENCFF537UNT/problems/chr8:87000000-142766515,1,8.629456
H3K36me3_TDH_ENCODE/samples/thyroid/ENCFF997UHI/problems/chr8:87000000-142766515,1,8.943165
H3K36me3_TDH_immune/samples/monocyte/McGill0002/problems/chr11:96437584-134946516,1,12.033322
H3K36me3_TDH_immune/samples/monocyte/McGill0101/problems/chr10:18024675-38818835,1,11.898002
H3K36me3_TDH_immune/samples/monocyte/McGill0101/problems/chr11:96437584-134946516,1,11.99508
H3K36me3_TDH_immune/samples/tcell/McGill0008/problems/chr11:96437584-134946516,1,11.886641
H3K36me3_TDH_immune/samples/tcell/McGill0029/problems/chr10:18024675-38818835,1,12.187026
H3K36me3_TDH_immune/samples/tcell/McGill0029/problems/chr10:51448845-125869472,1,12.665811
H3K36me3_TDH_immune/samples/tcell/McGill0102/problems/chr10:18024675-38818835,1,11.665029
H3K36me3_TDH_other/samples/kidney/McGill0023/problems/chr15:29209443-77800000,1,11.20987
H3K36me3_TDH_other/samples/skeletalMuscleCtrl/McGill0019/problems/chr21:43005559-44632664,1,11.069791
H3K36me3_TDH_other/samples/skeletalMuscleCtrl/McGill0036/problems/chr21:43005559-44632664,1,10.8622675
H3K36me3_TDH_other/samples/skeletalMuscleCtrl/McGill0037/problems/chr16:60000-8636921,1,11.036469
H3K36me3_TDH_other/samples/skeletalMuscleMD/McGill0012/problems/chr14:19050000-107289540,1,10.902123
H3K36me3_TDH_other/samples/skeletalMuscleMD/McGill0012/problems/chr16:8686921-32000000,1,10.805789
H3K36me3_TDH_other/samples/skeletalMuscleMD/McGill0013/problems/chr16:8686921-32000000,1,11.405215
H3K4me1_TDH_BP/samples/bcell/ERS206573/problems/chr1:149509645-205922707,1,11.371595
H3K4me1_TDH_BP/samples/bcell/ERS353040/problems/chr3:60000-66170270,1,10.952196
H3K4me1_TDH_BP/samples/germinal/ERS333901/problems/chr3:60000-66170270,1,11.308652
H3K4me1_TDH_BP/samples/germinal/ERS333901/problems/chr4:75452279-190000000,1,11.270633
H3K4me1_TDH_BP/samples/leukemia/ERS466414/problems/chr2:16329724-21153113,1,11.279091
H3K4me1_TDH_BP/samples/leukemia/ERS466415/problems/chr2:162200000-234003741,1,11.21196
H3K4me1_TDH_BP/samples/macrophage/ERS257336/problems/chr3:60000-66170270,1,11.388473
H3K4me1_TDH_BP/samples/macrophage/ERS257378/problems/chr3:60000-66170270,1,11.217842
H3K4me1_TDH_BP/samples/macrophage/ERS422247/problems/chr1:149509645-205922707,1,10.98685
H3K4me1_TDH_BP/samples/macrophage/ERS422247/problems/chr5:91686128-138787073,1,10.9877615
H3K4me1_TDH_BP/samples/mantle/ERS333895/problems/chr4:75452279-190000000,1,11.048515
H3K4me1_TDH_BP/samples/myeloid/ERS255951/problems/chr1:149509645-205922707,1,11.155428
H3K4me1_TDH_BP/samples/myeloid/ERS255951/problems/chr2:16329724-21153113,1,11.072893
H3K4me1_TDH_BP/samples/myeloid/ERS255951/problems/chr5:91686128-138787073,1,11.047812
H3K4me1_TDH_BP/samples/myeloid/ERS365963/problems/chr1:149509645-205922707,1,11.079283
H3K4me1_TDH_BP/samples/myeloid/ERS365965/problems/chr2:16329724-21153113,1,11.103391
H3K4me1_TDH_BP/samples/myeloid/ERS365966/problems/chr2:16329724-21153113,1,11.319899
H3K4me1_TDH_BP/samples/myeloid/ERS365966/problems/chr3:60000-66170270,1,10.772841
H3K4me1_TDH_BP/samples/myeloid/ERS365966/problems/chr4:75452279-190000000,1,10.495194
H3K4me1_TDH_BP/samples/tcell/ERS164475/problems/chr1:149509645-205922707,1,11.40014
H3K4me1_TDH_BP/samples/tcell/ERS164475/problems/chr2:16329724-21153113,1,11.317851
H3K4me1_TDH_BP/samples/tcell/ERS164475/problems/chr4:75452279-190000000,1,11.529798
H3K4me1_TDH_BP/samples/tcell/ERS164475/problems/chr5:91686128-138787073,1,11.818897
H3K4me1_TDH_BP/samples/tcell/ERS206601/problems/chr2:162200000-234003741,1,11.276828
H3K4me3_PGP_immune/samples/bcell/McGill0091/problems/chr10:133727527-135524747,1,9.220289
H3K4me3_PGP_immune/samples/bcell/McGill0091/problems/chr9:70835468-92343416,1,9.127154
H3K4me3_PGP_immune/samples/bcell/McGill0091/problems/chr9:92678796-133073060,1,9.4033
H3K4me3_PGP_immune/samples/bcell/McGill0322/problems/chr21:14338129-42955559,1,8.622553
H3K4me3_PGP_immune/samples/bcell/McGill0322/problems/chr2:21178113-87668206,1,8.823888
H3K4me3_PGP_immune/samples/bcell/McGill0322/problems/chr3:60000-66170270,1,8.7622595
H3K4me3_PGP_immune/samples/monocyte/McGill0001/problems/chr1:144810724-145833118,1,9.828076
H3K4me3_PGP_immune/samples/monocyte/McGill0001/problems/chr1:206482221-223747846,1,9.163553
H3K4me3_PGP_immune/samples/monocyte/McGill0001/problems/chr9:70835468-92343416,1,9.065851
H3K4me3_PGP_immune/samples/monocyte/McGill0002/problems/chr1:144810724-145833118,1,10.79311
H3K4me3_PGP_immune/samples/monocyte/McGill0058/problems/chr9:92678796-133073060,1,10.042968
H3K4me3_PGP_immune/samples/monocyte/McGill0079/problems/chr10:133727527-135524747,1,10.7996025
H3K4me3_PGP_immune/samples/monocyte/McGill0079/problems/chr1:144810724-145833118,1,11.849762
H3K4me3_PGP_immune/samples/monocyte/McGill0079/problems/chr3:60000-66170270,1,11.371886
H3K4me3_PGP_immune/samples/monocyte/McGill0079/problems/chr9:92678796-133073060,1,11.33398
H3K4me3_PGP_immune/samples/monocyte/McGill0101/problems/chr10:133727527-135524747,1,9.486383
H3K4me3_PGP_immune/samples/monocyte/McGill0101/problems/chr9:70835468-92343416,1,9.758885
H3K4me3_PGP_immune/samples/monocyte/McGill0104/problems/chr1:206482221-223747846,1,9.533757
H3K4me3_PGP_immune/samples/tcell/McGill0004/problems/chr10:133727527-135524747,1,8.6704
H3K4me3_PGP_immune/samples/tcell/McGill0004/problems/chr1:144810724-145833118,1,9.011273
H3K4me3_PGP_immune/samples/tcell/McGill0004/problems/chr21:14338129-42955559,1,8.421194
H3K4me3_PGP_immune/samples/tcell/McGill0004/problems/chr2:149790582-234003741,1,8.564953
H3K4me3_PGP_immune/samples/tcell/McGill0006/problems/chr10:133727527-135524747,1,8.743343
H3K4me3_PGP_immune/samples/tcell/McGill0006/problems/chr2:21178113-87668206,1,8.408882
H3K4me3_PGP_immune/samples/tcell/McGill0007/problems/chr2:149790582-234003741,1,8.680855
H3K4me3_PGP_immune/samples/tcell/McGill0007/problems/chr2:21178113-87668206,1,8.641077
H3K4me3_PGP_immune/samples/tcell/McGill0007/problems/chr6:62178589-95680543,1,8.398005
H3K4me3_PGP_immune/samples/tcell/McGill0008/problems/chr1:206482221-223747846,1,9.509492
H3K4me3_PGP_immune/samples/tcell/McGill0009/problems/chr10:133727527-135524747,1,8.965458
H3K4me3_PGP_immune/samples/tcell/McGill0009/problems/chr3:60000-66170270,1,9.293823
H3K4me3_PGP_immune/samples/tcell/McGill0009/problems/chr6:62178589-95680543,1,9.048172
H3K4me3_PGP_immune/samples/tcell/McGill0010/problems/chr2:21178113-87668206,1,8.354106
H3K4me3_PGP_immune/samples/tcell/McGill0011/problems/chr10:133727527-135524747,1,9.044397
H3K4me3_PGP_immune/samples/tcell/McGill0011/problems/chr2:149790582-234003741,1,9.274025
H3K4me3_PGP_immune/samples/tcell/McGill0011/problems/chr9:92678796-133073060,1,9.287891
H3K4me3_PGP_immune/samples/tcell/McGill0024/problems/chr1:206482221-223747846,1,9.188378
H3K4me3_PGP_immune/samples/tcell/McGill0024/problems/chr1:30028082-103863906,1,9.3455
H3K4me3_PGP_immune/samples/tcell/McGill0024/problems/chr21:14338129-42955559,1,9.105702
H3K4me3_PGP_immune/samples/tcell/McGill0024/problems/chr2:21178113-87668206,1,9.270944
H3K4me3_PGP_immune/samples/tcell/McGill0024/problems/chr3:60000-66170270,1,9.177553
H3K4me3_PGP_immune/samples/tcell/McGill0024/problems/chr9:92678796-133073060,1,9.151817
H3K4me3_PGP_immune/samples/tcell/McGill0025/problems/chr1:144810724-145833118,1,9.16338
H3K4me3_PGP_immune/samples/tcell/McGill0026/problems/chr2:149790582-234003741,1,8.230391
H3K4me3_PGP_immune/samples/tcell/McGill0026/problems/chr2:21178113-87668206,1,8.221806
H3K4me3_PGP_immune/samples/tcell/McGill0027/problems/chr1:144810724-145833118,1,9.346541
H3K4me3_PGP_immune/samples/tcell/McGill0027/problems/chr1:30028082-103863906,1,8.88754
H3K4me3_PGP_immune/samples/tcell/McGill0028/problems/chr21:14338129-42955559,1,8.312047
H3K4me3_PGP_immune/samples/tcell/McGill0028/problems/chr9:92678796-133073060,1,8.459312
H3K4me3_PGP_immune/samples/tcell/McGill0029/problems/chr1:144810724-145833118,1,9.219925
H3K4me3_PGP_immune/samples/tcell/McGill0029/problems/chr21:14338129-42955559,1,8.665412
H3K4me3_PGP_immune/samples/tcell/McGill0029/problems/chr6:62178589-95680543,1,8.524479
H3K4me3_PGP_immune/samples/tcell/McGill0029/problems/chr9:92678796-133073060,1,8.5752125
H3K4me3_PGP_immune/samples/tcell/McGill0059/problems/chr2:21178113-87668206,1,9.527153
H3K4me3_PGP_immune/samples/tcell/McGill0095/problems/chr9:92678796-133073060,1,9.183773
H3K4me3_PGP_immune/samples/tcell/McGill0102/problems/chr1:144810724-145833118,1,9.720381
H3K4me3_PGP_immune/samples/tcell/McGill0102/problems/chr9:92678796-133073060,1,9.177352
H3K4me3_PGP_immune/samples/tcell/McGill0106/problems/chr10:133727527-135524747,1,9.518359
H3K4me3_PGP_immune/samples/tcell/McGill0106/problems/chr21:14338129-42955559,1,8.904143
H3K4me3_PGP_immune/samples/tcell/McGill0106/problems/chr2:149790582-234003741,1,9.142409
H3K4me3_PGP_immune/samples/tcell/McGill0106/problems/chr2:21178113-87668206,1,9.156908
H3K4me3_PGP_immune/samples/tcell/McGill0106/problems/chr6:62178589-95680543,1,8.90169
H3K4me3_PGP_immune/samples/tcell/McGill0107/problems/chr10:133727527-135524747,1,9.29666
H3K4me3_PGP_immune/samples/tcell/McGill0107/problems/chr6:62178589-95680543,1,8.618242
H3K4me3_TDH_ENCODE/samples/aorta/ENCFF115HTK/problems/chr2:110251337-149690582,1,10.139567
H3K4me3_TDH_ENCODE/samples/aorta/ENCFF115HTK/problems/chr3:93504854-194041961,1,10.1773205
H3K4me3_TDH_ENCODE/samples/colon/ENCFF332UYK/problems/chr2:110251337-149690582,1,8.653905
H3K4me3_TDH_ENCODE/samples/skeletalMuscle/ENCFF000BMB/problems/chr2:110251337-149690582,1,9.126456
H3K4me3_TDH_ENCODE/samples/skeletalMuscle/ENCFF000BMB/problems/chr4:40297096-49000000,1,8.601167
H3K4me3_TDH_ENCODE/samples/skeletalMuscle/ENCFF000BMD/problems/chr2:110251337-149690582,1,10.236628
H3K4me3_TDH_ENCODE/samples/skeletalMuscle/ENCFF000BMD/problems/chr4:32840638-40296396,1,9.925205
H3K4me3_TDH_ENCODE/samples/skeletalMuscle/ENCFF280HQO/problems/chr2:110251337-149690582,1,8.911117
H3K4me3_TDH_ENCODE/samples/skeletalMuscle/ENCFF280HQO/problems/chr4:40297096-49000000,1,8.542318
H3K4me3_TDH_ENCODE/samples/skeletalMuscle/ENCFF290WZR/problems/chr4:40297096-49000000,1,9.183269
H3K4me3_TDH_ENCODE/samples/thyroid/ENCFF014AIG/problems/chr2:110251337-149690582,1,8.254761
H3K4me3_TDH_ENCODE/samples/thyroid/ENCFF014AIG/problems/chr4:40297096-49000000,1,7.957263
H3K4me3_TDH_ENCODE/samples/thyroid/ENCFF020VFT/problems/chr2:110251337-149690582,1,9.221714
H3K4me3_TDH_ENCODE/samples/thyroid/ENCFF020VFT/problems/chr4:32840638-40296396,1,8.896522
H3K4me3_TDH_ENCODE/samples/thyroid/ENCFF606GLK/problems/chr2:110251337-149690582,1,8.282519
H3K4me3_TDH_ENCODE/samples/thyroid/ENCFF606GLK/problems/chr4:32840638-40296396,1,8.256442
H3K4me3_TDH_immune/samples/bcell/McGill0091/problems/chr2:5118788-16279724,1,
H3K4me3_TDH_immune/samples/bcell/McGill0322/problems/chr12:38150000-66400000,1,
H3K4me3_TDH_immune/samples/bcell/McGill0322/problems/chr1:17175658-29878082,1,
H3K4me3_TDH_immune/samples/bcell/McGill0322/problems/chr1:30028082-91800000,1,
H3K4me3_TDH_immune/samples/monocyte/McGill0001/problems/chr10:60000-17974675,1,
H3K4me3_TDH_immune/samples/monocyte/McGill0001/problems/chr18:18521000-52059136,1,
H3K4me3_TDH_immune/samples/monocyte/McGill0001/problems/chr2:95326171-109668000,1,
H3K4me3_TDH_immune/samples/monocyte/McGill0001/problems/chr4:32840638-40296396,1,
H3K4me3_TDH_immune/samples/monocyte/McGill0002/problems/chr10:60000-17974675,1,
H3K4me3_TDH_immune/samples/monocyte/McGill0002/problems/chr18:18521000-52059136,1,
H3K4me3_TDH_immune/samples/monocyte/McGill0002/problems/chr2:21178113-33000000,1,
H3K4me3_TDH_immune/samples/monocyte/McGill0002/problems/chr4:32840638-40296396,1,
H3K4me3_TDH_immune/samples/monocyte/McGill0058/problems/chr18:18521000-52059136,1,
H3K4me3_TDH_immune/samples/monocyte/McGill0058/problems/chr2:95326171-109668000,1,
H3K4me3_TDH_immune/samples/monocyte/McGill0079/problems/chr12:38150000-66400000,1,
H3K4me3_TDH_immune/samples/monocyte/McGill0079/problems/chr4:9324642-31820917,1,
H3K4me3_TDH_immune/samples/monocyte/McGill0101/problems/chr12:38150000-66400000,1,
H3K4me3_TDH_immune/samples/monocyte/McGill0101/problems/chr2:33200000-87000000,1,
H3K4me3_TDH_immune/samples/monocyte/McGill0101/problems/chr2:5118788-16279724,1,
H3K4me3_TDH_immune/samples/monocyte/McGill0104/problems/chr11:96437584-134946516,1,
H3K4me3_TDH_immune/samples/monocyte/McGill0104/problems/chr2:33200000-87000000,1,
H3K4me3_TDH_immune/samples/monocyte/McGill0104/problems/chr2:95326171-109668000,1,
H3K4me3_TDH_immune/samples/tcell/McGill0004/problems/chr10:60000-17974675,1,
H3K4me3_TDH_immune/samples/tcell/McGill0004/problems/chr1:17175658-29878082,1,
H3K4me3_TDH_immune/samples/tcell/McGill0005/problems/chr1:30028082-91800000,1,
H3K4me3_TDH_immune/samples/tcell/McGill0005/problems/chr2:33200000-87000000,1,
H3K4me3_TDH_immune/samples/tcell/McGill0005/problems/chr2:5118788-16279724,1,
H3K4me3_TDH_immune/samples/tcell/McGill0006/problems/chr10:60000-17974675,1,
H3K4me3_TDH_immune/samples/tcell/McGill0006/problems/chr4:68270000-75427379,1,
H3K4me3_TDH_immune/samples/tcell/McGill0007/problems/chr11:96437584-134946516,1,
H3K4me3_TDH_immune/samples/tcell/McGill0007/problems/chr18:18521000-52059136,1,
H3K4me3_TDH_immune/samples/tcell/McGill0008/problems/chr18:18521000-52059136,1,
H3K4me3_TDH_immune/samples/tcell/McGill0008/problems/chr3:93504854-194041961,1,
H3K4me3_TDH_immune/samples/tcell/McGill0008/problems/chr4:9324642-31820917,1,
H3K4me3_TDH_immune/samples/tcell/McGill0009/problems/chr2:5118788-16279724,1,
H3K4me3_TDH_immune/samples/tcell/McGill0009/problems/chr4:68270000-75427379,1,
H3K4me3_TDH_immune/samples/tcell/McGill0009/problems/chr4:9324642-31820917,1,
H3K4me3_TDH_immune/samples/tcell/McGill0010/problems/chr4:32840638-40296396,1,
H3K4me3_TDH_immune/samples/tcell/McGill0011/problems/chr10:60000-17974675,1,
H3K4me3_TDH_immune/samples/tcell/McGill0011/problems/chr12:38150000-66400000,1,
H3K4me3_TDH_immune/samples/tcell/McGill0011/problems/chr2:95326171-109668000,1,
H3K4me3_TDH_immune/samples/tcell/McGill0024/problems/chr12:38150000-66400000,1,
H3K4me3_TDH_immune/samples/tcell/McGill0025/problems/chr11:96437584-134946516,1,
H3K4me3_TDH_immune/samples/tcell/McGill0025/problems/chr1:17175658-29878082,1,
H3K4me3_TDH_immune/samples/tcell/McGill0025/problems/chr2:21178113-33000000,1,
H3K4me3_TDH_immune/samples/tcell/McGill0025/problems/chr2:95326171-109668000,1,
H3K4me3_TDH_immune/samples/tcell/McGill0025/problems/chr3:93504854-194041961,1,
H3K4me3_TDH_immune/samples/tcell/McGill0026/problems/chr10:60000-17974675,1,
H3K4me3_TDH_immune/samples/tcell/McGill0026/problems/chr11:96437584-134946516,1,
H3K4me3_TDH_immune/samples/tcell/McGill0026/problems/chr2:95326171-109668000,1,
H3K4me3_TDH_immune/samples/tcell/McGill0026/problems/chr4:68270000-75427379,1,
H3K4me3_TDH_immune/samples/tcell/McGill0027/problems/chr2:33200000-87000000,1,
H3K4me3_TDH_immune/samples/tcell/McGill0027/problems/chr3:93504854-194041961,1,
H3K4me3_TDH_immune/samples/tcell/McGill0027/problems/chr4:68270000-75427379,1,
H3K4me3_TDH_immune/samples/tcell/McGill0027/problems/chr4:9324642-31820917,1,
H3K4me3_TDH_immune/samples/tcell/McGill0028/problems/chr1:30028082-91800000,1,
H3K4me3_TDH_immune/samples/tcell/McGill0028/problems/chr4:68270000-75427379,1,
H3K4me3_TDH_immune/samples/tcell/McGill0028/problems/chr4:9324642-31820917,1,
H3K4me3_TDH_immune/samples/tcell/McGill0029/problems/chr10:60000-17974675,1,
H3K4me3_TDH_immune/samples/tcell/McGill0029/problems/chr1:17175658-29878082,1,
H3K4me3_TDH_immune/samples/tcell/McGill0029/problems/chr2:5118788-16279724,1,
H3K4me3_TDH_immune/samples/tcell/McGill0059/problems/chr2:33200000-87000000,1,
H3K4me3_TDH_immune/samples/tcell/McGill0059/problems/chr4:68270000-75427379,1,
H3K4me3_TDH_immune/samples/tcell/McGill0095/problems/chr11:96437584-134946516,1,
H3K4me3_TDH_immune/samples/tcell/McGill0095/problems/chr1:17175658-29878082,1,
H3K4me3_TDH_immune/samples/tcell/McGill0095/problems/chr2:21178113-33000000,1,
H3K4me3_TDH_immune/samples/tcell/McGill0095/problems/chr2:33200000-87000000,1,
H3K4me3_TDH_immune/samples/tcell/McGill0095/problems/chr3:93504854-194041961,1,
H3K4me3_TDH_immune/samples/tcell/McGill0102/problems/chr4:68270000-75427379,1,
H3K4me3_TDH_immune/samples/tcell/McGill0106/problems/chr4:32840638-40296396,1,
H3K4me3_TDH_immune/samples/tcell/McGill0107/problems/chr11:96437584-134946516,1,
H3K4me3_TDH_immune/samples/tcell/McGill0107/problems/chr1:30028082-91800000,1,
H3K4me3_TDH_immune/samples/tcell/McGill0107/problems/chr3:93504854-194041961,1,
H3K4me3_TDH_immune/samples/tcell/McGill0107/problems/chr4:68270000-75427379,1,
H3K4me3_TDH_immune/samples/tcell/McGill0107/problems/chr4:9324642-31820917,1,
H3K4me3_TDH_other/samples/kidneyCancer/McGill0022/problems/chr3:60000-66170270,1,
H3K4me3_TDH_other/samples/kidneyCancer/McGill0022/problems/chr4:75452279-190000000,1,
H3K4me3_TDH_other/samples/leukemiaCD19CD10BCells/McGill0267/problems/chr1:30028082-91800000,1,
H3K4me3_TDH_other/samples/leukemiaCD19CD10BCells/McGill0267/problems/chr3:93504854-194041961,1,
H3K4me3_TDH_other/samples/leukemiaCD19CD10BCells/McGill0267/problems/chr5:100000-17500000,1,
H3K4me3_TDH_other/samples/skeletalMuscleCtrl/McGill0019/problems/chr1:103913906-120697156,1,
H3K4me3_TDH_other/samples/skeletalMuscleCtrl/McGill0019/problems/chr4:75452279-190000000,1,
H3K4me3_TDH_other/samples/skeletalMuscleCtrl/McGill0037/problems/chr11:96437584-134946516,1,
H3K4me3_TDH_other/samples/skeletalMuscleCtrl/McGill0037/problems/chr3:93504854-194041961,1,
H3K4me3_TDH_other/samples/skeletalMuscleCtrl/McGill0037/problems/chr5:100000-17500000,1,
H3K4me3_TDH_other/samples/skeletalMuscleMD/McGill0012/problems/chr1:30028082-91800000,1,
H3K4me3_TDH_other/samples/skeletalMuscleMD/McGill0012/problems/chr4:75452279-190000000,1,
H3K4me3_TDH_other/samples/skeletalMuscleMD/McGill0013/problems/chr11:96437584-134946516,1,
H3K4me3_TDH_other/samples/skeletalMuscleMD/McGill0013/problems/chr1:30028082-91800000,1,
H3K4me3_TDH_other/samples/skeletalMuscleMD/McGill0013/problems/chr3:60000-66170270,1,
H3K4me3_TDH_other/samples/skeletalMuscleMD/McGill0016/problems/chr4:1478646-8799203,1,
H3K4me3_XJ_immune/samples/bcell/McGill0091/problems/chr18:10000-15410898,1,8.794061
H3K4me3_XJ_immune/samples/bcell/McGill0091/problems/chr18:18510898-52059136,1,9.266087
H3K4me3_XJ_immune/samples/monocyte/McGill0001/problems/chr18:10000-15410898,1,10.02232
H3K4me3_XJ_immune/samples/monocyte/McGill0002/problems/chr18:10000-15410898,1,8.9462385
H3K4me3_XJ_immune/samples/monocyte/McGill0002/problems/chr18:18510898-52059136,1,9.05397
H3K4me3_XJ_immune/samples/monocyte/McGill0002/problems/chr21:14338129-42955559,1,10.160294
H3K4me3_XJ_immune/samples/monocyte/McGill0002/problems/chr22:16847850-20509431,1,8.432595
H3K4me3_XJ_immune/samples/monocyte/McGill0058/problems/chr18:10000-15410898,1,8.860904
H3K4me3_XJ_immune/samples/monocyte/McGill0079/problems/chr1:30028082-103863906,1,9.570291
H3K4me3_XJ_immune/samples/monocyte/McGill0079/problems/chr22:20609431-50364777,1,9.542326
H3K4me3_XJ_immune/samples/monocyte/McGill0101/problems/chr16:46385801-88389383,1,9.186408
H3K4me3_XJ_immune/samples/monocyte/McGill0104/problems/chr18:18510898-52059136,1,9.144292
H3K4me3_XJ_immune/samples/tcell/McGill0004/problems/chr17:396626-21566608,1,8.129296
H3K4me3_XJ_immune/samples/tcell/McGill0005/problems/chr15:29209443-82829645,1,9.938124
H3K4me3_XJ_immune/samples/tcell/McGill0006/problems/chr18:10000-15410898,1,9.714654
H3K4me3_XJ_immune/samples/tcell/McGill0007/problems/chr19:20573415-24631782,1,8.085712
H3K4me3_XJ_immune/samples/tcell/McGill0008/problems/chr15:29209443-82829645,1,9.802386
H3K4me3_XJ_immune/samples/tcell/McGill0008/problems/chr18:18510898-52059136,1,8.999939
H3K4me3_XJ_immune/samples/tcell/McGill0009/problems/chr22:20609431-50364777,1,8.872979
H3K4me3_XJ_immune/samples/tcell/McGill0011/problems/chr15:29209443-82829645,1,9.484386
H3K4me3_XJ_immune/samples/tcell/McGill0011/problems/chr16:46385801-88389383,1,10.1836405
H3K4me3_XJ_immune/samples/tcell/McGill0024/problems/chr1:30028082-103863906,1,9.020803
H3K4me3_XJ_immune/samples/tcell/McGill0025/problems/chr21:14338129-42955559,1,8.68648
H3K4me3_XJ_immune/samples/tcell/McGill0026/problems/chr16:46385801-88389383,1,9.53025
H3K4me3_XJ_immune/samples/tcell/McGill0026/problems/chr17:396626-21566608,1,7.71793
H3K4me3_XJ_immune/samples/tcell/McGill0026/problems/chr1:30028082-103863906,1,7.9765882
H3K4me3_XJ_immune/samples/tcell/McGill0027/problems/chr17:396626-21566608,1,8.632865
H3K4me3_XJ_immune/samples/tcell/McGill0028/problems/chr18:18510898-52059136,1,9.042106
H3K4me3_XJ_immune/samples/tcell/McGill0029/problems/chr16:46385801-88389383,1,10.25768
H3K4me3_XJ_immune/samples/tcell/McGill0029/problems/chr17:396626-21566608,1,8.529511
H3K4me3_XJ_immune/samples/tcell/McGill0029/problems/chr1:30028082-103863906,1,8.727619
H3K4me3_XJ_immune/samples/tcell/McGill0029/problems/chr21:14338129-42955559,1,8.431926
H3K4me3_XJ_immune/samples/tcell/McGill0059/problems/chr17:396626-21566608,1,8.770677
H3K4me3_XJ_immune/samples/tcell/McGill0059/problems/chr18:10000-15410898,1,9.828403
H3K4me3_XJ_immune/samples/tcell/McGill0095/problems/chr15:29209443-82829645,1,9.492296
H3K4me3_XJ_immune/samples/tcell/McGill0095/problems/chr16:46385801-88389383,1,9.889488
H3K4me3_XJ_immune/samples/tcell/McGill0095/problems/chr17:396626-21566608,1,9.074323
H3K4me3_XJ_immune/samples/tcell/McGill0095/problems/chr22:20609431-50364777,1,9.468295
H3K4me3_XJ_immune/samples/tcell/McGill0102/problems/chr15:29209443-82829645,1,8.964711
H3K4me3_XJ_immune/samples/tcell/McGill0102/problems/chr18:18510898-52059136,1,10.389514
H3K4me3_XJ_immune/samples/tcell/McGill0102/problems/chr1:30028082-103863906,1,9.0384245
H3K4me3_XJ_immune/samples/tcell/McGill0102/problems/chr22:16847850-20509431,1,8.615014
H3K4me3_XJ_immune/samples/tcell/McGill0106/problems/chr16:46385801-88389383,1,9.948544
H3K9me3_TDH_BP/samples/bcell/ERS206573/problems/chr4:75452279-190000000,1,10.441471
H3K9me3_TDH_BP/samples/bcell/ERS206573/problems/chr8:48135599-86500000,1,10.205053
H3K9me3_TDH_BP/samples/bcell/ERS257253/problems/chr6:62178589-95680543,1,10.24323
H3K9me3_TDH_BP/samples/bcell/ERS257253/problems/chr7:62500000-74715724,1,9.639139
H3K9me3_TDH_BP/samples/germinal/ERS333900/problems/chr5:100000-17500000,1,10.15079
H3K9me3_TDH_BP/samples/germinal/ERS333900/problems/chr8:48135599-86500000,1,10.207586
H3K9me3_TDH_BP/samples/macrophage/ERS358691/problems/chr6:62178589-95680543,1,10.165955
H3K9me3_TDH_BP/samples/macrophage/ERS358691/problems/chr8:48135599-86500000,1,10.07671
H3K9me3_TDH_BP/samples/macrophage/ERS358696/problems/chr7:62500000-74715724,1,10.186167
H3K9me3_TDH_BP/samples/mantle/ERS333895/problems/chr7:62500000-74715724,1,10.20053
H3K9me3_TDH_BP/samples/tcell/ERS206539/problems/chr8:48135599-86500000,1,10.34309
H3K9me3_TDH_BP/samples/tcell/ERS206601/problems/chr4:75452279-190000000,1,10.4719925
H3K9me3_TDH_BP/samples/tcell/ERS206601/problems/chr6:62178589-95680543,1,10.286189
H3K9me3_TDH_BP/samples/tcell/ERS358697/problems/chr4:68270000-75427379,1,9.44519
H3K9me3_TDH_BP/samples/tcell/ERS358697/problems/chr4:75452279-190000000,1,9.557537
H3K9me3_TDH_BP/samples/tcell/ERS358697/problems/chr6:62178589-95680543,1,10.212032
