sequenceID,llda
H3K27ac-H3K4me3_TDHAM_BP/samples/GR10_H3K27ac/S00S2P_WTSI/problems/chr5:49600000-91636128,9.265665331133356
H3K27ac-H3K4me3_TDHAM_BP/samples/GR10_H3K27ac/S00SX0_WTSI/problems/chr5:49600000-91636128,7.70056063970236
H3K27ac-H3K4me3_TDHAM_BP/samples/GR11_H3K27ac/S00U3F_WTSI/problems/chr5:49600000-91636128,9.761455319382826
H3K27ac-H3K4me3_TDHAM_BP/samples/GR11_H3K27ac/S00U93_WTSI/problems/chr5:49600000-91636128,8.281273875859505
H3K27ac-H3K4me3_TDHAM_BP/samples/GR11_H3K27ac/S00UKI_WTSI/problems/chr5:49600000-91636128,8.533911616417349
H3K27ac-H3K4me3_TDHAM_BP/samples/GR11_H3K27ac/S00UME_WTSI/problems/chr5:49600000-91636128,8.503984380679455
H3K27ac-H3K4me3_TDHAM_BP/samples/GR11_H3K27ac/S00VVT_WTSI/problems/chr5:49600000-91636128,8.711167098990863
H3K27ac-H3K4me3_TDHAM_BP/samples/GR12_H3K27ac/S00W45_WTSI/problems/chr3:66270270-90504854,11.162506324780288
H3K27ac-H3K4me3_TDHAM_BP/samples/GR12_H3K27ac/S00W45_WTSI/problems/chr5:49600000-91636128,11.626003705470332
H3K27ac-H3K4me3_TDHAM_BP/samples/GR12_H3K27ac/S00WKA_WTSI/problems/chr2:16329724-21153113,9.359539166735068
H3K27ac-H3K4me3_TDHAM_BP/samples/GR12_H3K27ac/S00WP0_WTSI/problems/chr2:16329724-21153113,9.561162302739127
H3K27ac-H3K4me3_TDHAM_BP/samples/GR12_H3K27ac/S00WRX_WTSI/problems/chr3:66270270-90504854,9.876028099775105
H3K27ac-H3K4me3_TDHAM_BP/samples/GR12_H3K27ac/S00YBK_WTSI/problems/chr3:66270270-90504854,13.965775530553465
H3K27ac-H3K4me3_TDHAM_BP/samples/GR12_H3K27ac/S00YBK_WTSI/problems/chr5:49600000-91636128,12.021111508122779
H3K27ac-H3K4me3_TDHAM_BP/samples/GR12_H3K27ac/S00YH8_WTSI/problems/chr3:66270270-90504854,8.116090066048791
H3K27ac-H3K4me3_TDHAM_BP/samples/GR12_H3K27ac/S00YK2_WTSI/problems/chr3:66270270-90504854,9.063232553603136
H3K27ac-H3K4me3_TDHAM_BP/samples/GR13_H3K27ac/S00YVH_WTSI/problems/chr4:52660117-59739333,8.497429970538725
H3K27ac-H3K4me3_TDHAM_BP/samples/GR13_H3K27ac/S011AZ_WTSI/problems/chr5:49600000-91636128,10.730042965404387
H3K27ac-H3K4me3_TDHAM_BP/samples/GR13_H3K27ac/S011JH_WTSI/problems/chr2:16329724-21153113,8.714133674279473
H3K27ac-H3K4me3_TDHAM_BP/samples/GR13_H3K27ac/S01238_WTSI/problems/chr4:52660117-59739333,7.989564436482361
H3K27ac-H3K4me3_TDHAM_BP/samples/GR13_H3K27ac/S01246_WTSI/problems/chr4:52660117-59739333,7.4447662907197625
H3K27ac-H3K4me3_TDHAM_BP/samples/GR13_H3K27ac/S01342_WTSI/problems/chr4:52660117-59739333,8.27813891037966
H3K27ac-H3K4me3_TDHAM_BP/samples/GR13_H3K27ac/S01342_WTSI/problems/chr5:49600000-91636128,8.027313449963778
H3K27ac-H3K4me3_TDHAM_BP/samples/GR13_H3K27ac/S0137X_WTSI/problems/chr4:52660117-59739333,8.316893712695709
H3K27ac-H3K4me3_TDHAM_BP/samples/GR1_H3K27ac/S000X1_NCMLS/problems/chr10:51448845-125869472,7.995227916661229
H3K27ac-H3K4me3_TDHAM_BP/samples/GR1_H3K27ac/S000X1_NCMLS/problems/chr11:55100000-69089801,8.263666820451853
H3K27ac-H3K4me3_TDHAM_BP/samples/GR1_H3K27ac/S000X1_NCMLS/problems/chr4:10000-1423146,8.358230326129124
H3K27ac-H3K4me3_TDHAM_BP/samples/GR1_H3K27ac/S000X1_NCMLS/problems/chr4:75452279-190000000,7.915144635419303
H3K27ac-H3K4me3_TDHAM_BP/samples/GR1_H3K27ac/S0010Q_NCMLS/problems/chr4:75452279-190000000,8.232899045665512
H3K27ac-H3K4me3_TDHAM_BP/samples/GR1_H3K27ac/S0012M_NCMLS/problems/chr3:60000-66170270,8.125793195927436
H3K27ac-H3K4me3_TDHAM_BP/samples/GR1_H3K27ac/S0012M_NCMLS/problems/chr4:10000-1423146,8.087420382827595
H3K27ac-H3K4me3_TDHAM_BP/samples/GR1_H3K27ac/S0012M_NCMLS/problems/chr4:75452279-190000000,8.100890466140292
H3K27ac-H3K4me3_TDHAM_BP/samples/GR1_H3K27ac/S001C2_NCMLS/problems/chr10:60000-17974675,7.803190182888429
H3K27ac-H3K4me3_TDHAM_BP/samples/GR1_H3K27ac/S001C2_NCMLS/problems/chr1:30028082-91800000,8.253057834341227
H3K27ac-H3K4me3_TDHAM_BP/samples/GR1_H3K27ac/S001C2_NCMLS/problems/chr4:10000-1423146,8.933647903508891
H3K27ac-H3K4me3_TDHAM_BP/samples/GR1_H3K27ac/S001C2_NCMLS/problems/chr4:75452279-190000000,8.142145057850563
H3K27ac-H3K4me3_TDHAM_BP/samples/GR1_H3K27ac/S001C2_NCMLS/problems/chr8:87000000-142766515,8.11605306918377
H3K27ac-H3K4me3_TDHAM_BP/samples/GR1_H3K27ac/S001GV_NCMLS/problems/chr11:60000-580000,8.329491094776664
H3K27ac-H3K4me3_TDHAM_BP/samples/GR1_H3K27ac/S001GV_NCMLS/problems/chr1:206482221-223747846,8.058335646968011
H3K27ac-H3K4me3_TDHAM_BP/samples/GR1_H3K27ac/S001KN_NCMLS/problems/chr6:160530000-167942073,7.823206410502806
H3K27ac-H3K4me3_TDHAM_BP/samples/GR1_H3K27ac/S001NH_NCMLS/problems/chr10:51448845-125869472,8.536683815640849
H3K27ac-H3K4me3_TDHAM_BP/samples/GR1_H3K27ac/S001NH_NCMLS/problems/chr10:60000-17974675,7.9321889760762545
H3K27ac-H3K4me3_TDHAM_BP/samples/GR1_H3K27ac/S001NH_NCMLS/problems/chr11:55100000-69089801,7.717483240427796
H3K27ac-H3K4me3_TDHAM_BP/samples/GR1_H3K27ac/S001T5_NCMLS/problems/chr11:55100000-69089801,8.124466383395081
H3K27ac-H3K4me3_TDHAM_BP/samples/GR1_H3K27ac/S001T5_NCMLS/problems/chr11:60000-580000,8.209778132541778
H3K27ac-H3K4me3_TDHAM_BP/samples/GR1_H3K27ac/S001T5_NCMLS/problems/chr1:206482221-223747846,8.586707221863882
H3K27ac-H3K4me3_TDHAM_BP/samples/GR1_H3K27ac/S001T5_NCMLS/problems/chr3:60000-66170270,8.536345777140603
H3K27ac-H3K4me3_TDHAM_BP/samples/GR1_H3K27ac/S001T5_NCMLS/problems/chr4:75452279-190000000,8.09537099542468
H3K27ac-H3K4me3_TDHAM_BP/samples/GR1_H3K27ac/S001T5_NCMLS/problems/chr5:49600000-91636128,7.611651918241449
H3K27ac-H3K4me3_TDHAM_BP/samples/GR1_H3K27ac/S001YW_NCMLS/problems/chr1:206482221-223747846,9.44701312910339
H3K27ac-H3K4me3_TDHAM_BP/samples/GR1_H3K27ac/S001YW_NCMLS/problems/chr1:30028082-91800000,9.266995517495111
H3K27ac-H3K4me3_TDHAM_BP/samples/GR1_H3K27ac/S0020M_NCMLS/problems/chr10:51448845-125869472,8.399028939897924
H3K27ac-H3K4me3_TDHAM_BP/samples/GR1_H3K27ac/S0020M_NCMLS/problems/chr3:60000-66170270,8.089716169574665
H3K27ac-H3K4me3_TDHAM_BP/samples/GR1_H3K27ac/S0020M_NCMLS/problems/chr4:75452279-190000000,7.836291257871295
H3K27ac-H3K4me3_TDHAM_BP/samples/GR1_H3K27ac/S0021K_NCMLS/problems/chr10:51448845-125869472,9.26646708100835
H3K27ac-H3K4me3_TDHAM_BP/samples/GR1_H3K27ac/S0021K_NCMLS/problems/chr10:60000-17974675,8.67635169863015
H3K27ac-H3K4me3_TDHAM_BP/samples/GR1_H3K27ac/S0021K_NCMLS/problems/chr1:206482221-223747846,8.956487057286772
H3K27ac-H3K4me3_TDHAM_BP/samples/GR1_H3K27ac/S0026A_NCMLS/problems/chr10:51448845-125869472,8.073113619087671
H3K27ac-H3K4me3_TDHAM_BP/samples/GR1_H3K27ac/S0026A_NCMLS/problems/chr11:60000-580000,8.583578254060335
H3K27ac-H3K4me3_TDHAM_BP/samples/GR1_H3K27ac/S0026A_NCMLS/problems/chr1:206482221-223747846,7.696674614297514
H3K27ac-H3K4me3_TDHAM_BP/samples/GR1_H3K27ac/S0026A_NCMLS/problems/chr1:30028082-91800000,7.9779196644279935
H3K27ac-H3K4me3_TDHAM_BP/samples/GR1_H3K27ac/S0026A_NCMLS/problems/chr3:60000-66170270,8.051381688148744
H3K27ac-H3K4me3_TDHAM_BP/samples/GR1_H3K27ac/S0026A_NCMLS/problems/chr4:75452279-190000000,7.987242071057672
H3K27ac-H3K4me3_TDHAM_BP/samples/GR1_H3K27ac/S00278_NCMLS/problems/chr10:60000-17974675,8.454277995775861
H3K27ac-H3K4me3_TDHAM_BP/samples/GR1_H3K27ac/S00278_NCMLS/problems/chr5:49600000-91636128,7.922663423042714
H3K27ac-H3K4me3_TDHAM_BP/samples/GR1_H3K27ac/S00294_NCMLS/problems/chr10:51448845-125869472,9.340036414360902
H3K27ac-H3K4me3_TDHAM_BP/samples/GR1_H3K27ac/S00294_NCMLS/problems/chr11:55100000-69089801,8.81286235017378
H3K27ac-H3K4me3_TDHAM_BP/samples/GR1_H3K27ac/S00294_NCMLS/problems/chr4:10000-1423146,8.333448619382715
H3K27ac-H3K4me3_TDHAM_BP/samples/GR1_H3K4me3/S00D9Y_WTSI/problems/chr5:49600000-91636128,10.494183812119893
H3K27ac-H3K4me3_TDHAM_BP/samples/GR1_H3K4me3/S00DKC_WTSI/problems/chr3:66270270-90504854,8.134899376363954
H3K27ac-H3K4me3_TDHAM_BP/samples/GR1_H3K4me3/S00DP2_WTSI/problems/chr5:49600000-91636128,7.788821475006195
H3K27ac-H3K4me3_TDHAM_BP/samples/GR1_H3K4me3/S00E9U_WTSI/problems/chr3:66270270-90504854,6.723497250132418
H3K27ac-H3K4me3_TDHAM_BP/samples/GR1_H3K4me3/S00FVJ_WTSI/problems/chr5:49600000-91636128,10.162670788026738
H3K27ac-H3K4me3_TDHAM_BP/samples/GR1_H3K4me3/S00G5U_WTSI/problems/chr5:49600000-91636128,11.14616914410945
H3K27ac-H3K4me3_TDHAM_BP/samples/GR1_H3K4me3/S00G7Q_WTSI/problems/chr3:66270270-90504854,8.556926161974722
H3K27ac-H3K4me3_TDHAM_BP/samples/GR1_H3K4me3/S00G9M_WTSI/problems/chr3:66270270-90504854,7.97746865036715
H3K27ac-H3K4me3_TDHAM_BP/samples/GR1_H3K4me3/S00GBI_WTSI/problems/chr3:66270270-90504854,7.955778263352521
H3K27ac-H3K4me3_TDHAM_BP/samples/GR2_H3K27ac/S002FT_NCMLS/problems/chr2:162200000-234003741,8.256047565820005
H3K27ac-H3K4me3_TDHAM_BP/samples/GR2_H3K27ac/S002KJ_NCMLS/problems/chr2:110251337-149690582,9.09161051972999
H3K27ac-H3K4me3_TDHAM_BP/samples/GR2_H3K27ac/S002KJ_NCMLS/problems/chr2:33200000-87000000,9.085280920348204
H3K27ac-H3K4me3_TDHAM_BP/samples/GR2_H3K27ac/S002KJ_NCMLS/problems/chr5:49600000-91636128,8.484461046844153
H3K27ac-H3K4me3_TDHAM_BP/samples/GR2_H3K27ac/S002MF_NCMLS/problems/chr2:110251337-149690582,8.514712895380036
H3K27ac-H3K4me3_TDHAM_BP/samples/GR2_H3K27ac/S002MF_NCMLS/problems/chr2:149790582-162100000,8.298199876262977
H3K27ac-H3K4me3_TDHAM_BP/samples/GR2_H3K27ac/S002MF_NCMLS/problems/chr2:33200000-87000000,8.587909198784821
H3K27ac-H3K4me3_TDHAM_BP/samples/GR2_H3K27ac/S002WW_NCMLS/problems/chr2:162200000-234003741,8.965332095703737
H3K27ac-H3K4me3_TDHAM_BP/samples/GR2_H3K27ac/S002XU_NCMLS/problems/chr2:162200000-234003741,8.224596975722669
H3K27ac-H3K4me3_TDHAM_BP/samples/GR2_H3K27ac/S002XU_NCMLS/problems/chr5:49600000-91636128,7.683707929703971
H3K27ac-H3K4me3_TDHAM_BP/samples/GR2_H3K27ac/S0032E_NCMLS/problems/chr2:110251337-149690582,9.211987676100712
H3K27ac-H3K4me3_TDHAM_BP/samples/GR2_H3K27ac/S0032E_NCMLS/problems/chr5:49600000-91636128,8.549376132380125
H3K27ac-H3K4me3_TDHAM_BP/samples/GR2_H3K27ac/S00382_NCMLS/problems/chr2:110251337-149690582,8.349378618879818
H3K27ac-H3K4me3_TDHAM_BP/samples/GR2_H3K27ac/S00382_NCMLS/problems/chr2:162200000-234003741,8.600772549160418
H3K27ac-H3K4me3_TDHAM_BP/samples/GR2_H3K27ac/S003AZ_NCMLS/problems/chr2:33200000-87000000,9.713441907681649
H3K27ac-H3K4me3_TDHAM_BP/samples/GR2_H3K27ac/S003AZ_NCMLS/problems/chr5:49600000-91636128,9.021942019946898
H3K27ac-H3K4me3_TDHAM_BP/samples/GR2_H3K27ac/S003JH_NCMLS/problems/chr5:49600000-91636128,7.958427547885755
H3K27ac-H3K4me3_TDHAM_BP/samples/GR2_H3K27ac/S003KF_NCMLS/problems/chr2:110251337-149690582,8.209024130454004
H3K27ac-H3K4me3_TDHAM_BP/samples/GR2_H3K27ac/S003MB_NCMLS/problems/chr2:149790582-162100000,7.739991539849186
H3K27ac-H3K4me3_TDHAM_BP/samples/GR2_H3K27ac/S003MB_NCMLS/problems/chr2:33200000-87000000,8.21771096043613
H3K27ac-H3K4me3_TDHAM_BP/samples/GR2_H3K27ac/S003P5_NCMLS/problems/chr2:33200000-87000000,8.941304561382843
H3K27ac-H3K4me3_TDHAM_BP/samples/GR2_H3K27ac/S003Q3_NCMLS/problems/chr5:49600000-91636128,8.172746712876723
H3K27ac-H3K4me3_TDHAM_BP/samples/GR2_H3K4me3/S00GSL_WTSI/problems/chr2:110251337-149690582,8.550786859064523
H3K27ac-H3K4me3_TDHAM_BP/samples/GR2_H3K4me3/S00GSL_WTSI/problems/chr5:49600000-91636128,8.41711774146821
H3K27ac-H3K4me3_TDHAM_BP/samples/GR2_H3K4me3/S00HE8_WTSI/problems/chr2:110251337-149690582,8.805068613256758
H3K27ac-H3K4me3_TDHAM_BP/samples/GR2_H3K4me3/S00HVB_WTSI/problems/chr2:33200000-87000000,8.11698192105208
H3K27ac-H3K4me3_TDHAM_BP/samples/GR2_H3K4me3/S00HVB_WTSI/problems/chr5:49600000-91636128,12.709687303712023
H3K27ac-H3K4me3_TDHAM_BP/samples/GR2_H3K4me3/S00J3M_WTSI/problems/chr3:66270270-90504854,7.910873072407256
H3K27ac-H3K4me3_TDHAM_BP/samples/GR2_H3K4me3/S00J3M_WTSI/problems/chr5:49600000-91636128,11.22729425022785
H3K27ac-H3K4me3_TDHAM_BP/samples/GR2_H3K4me3/S00J5I_WTSI/problems/chr3:66270270-90504854,8.648176926922702
H3K27ac-H3K4me3_TDHAM_BP/samples/GR2_H3K4me3/S00J9A_WTSI/problems/chr2:33200000-87000000,8.75023987228247
H3K27ac-H3K4me3_TDHAM_BP/samples/GR2_H3K4me3/S00J9A_WTSI/problems/chr5:49600000-91636128,8.226161605531331
H3K27ac-H3K4me3_TDHAM_BP/samples/GR2_H3K4me3/S00JA8_WTSI/problems/chr2:110251337-149690582,8.165078493022556
H3K27ac-H3K4me3_TDHAM_BP/samples/GR2_H3K4me3/S00JA8_WTSI/problems/chr2:33200000-87000000,8.963759947039385
H3K27ac-H3K4me3_TDHAM_BP/samples/GR2_H3K4me3/S00JA8_WTSI/problems/chr5:49600000-91636128,7.9733677843709
H3K27ac-H3K4me3_TDHAM_BP/samples/GR2_H3K4me3/S00JD2_WTSI/problems/chr2:33200000-87000000,9.239228682843041
H3K27ac-H3K4me3_TDHAM_BP/samples/GR2_H3K4me3/S00JT7_WTSI/problems/chr5:49600000-91636128,8.30695588423702
H3K27ac-H3K4me3_TDHAM_BP/samples/GR3_H3K27ac/S003R1_NCMLS/problems/chr5:49600000-91636128,8.842855212678465
H3K27ac-H3K4me3_TDHAM_BP/samples/GR3_H3K27ac/S0041C_NCMLS/problems/chr8:12141854-43500000,9.151960891266604
H3K27ac-H3K4me3_TDHAM_BP/samples/GR3_H3K27ac/S0064Z_NCMLS/problems/chr5:49600000-91636128,7.712364108006163
H3K27ac-H3K4me3_TDHAM_BP/samples/GR3_H3K27ac/S0064Z_NCMLS/problems/chr8:12141854-43500000,7.671341218700491
H3K27ac-H3K4me3_TDHAM_BP/samples/GR3_H3K27ac/S006UK_McGill/problems/chr8:12141854-43500000,9.555721277722604
H3K27ac-H3K4me3_TDHAM_BP/samples/GR3_H3K27ac/S006UK_NCMLS/problems/chr5:49600000-91636128,7.837943203112516
H3K27ac-H3K4me3_TDHAM_BP/samples/GR3_H3K27ac/S007CF_McGill/problems/chr5:49600000-91636128,9.466885225002763
H3K27ac-H3K4me3_TDHAM_BP/samples/GR3_H3K27ac/S007DD_NCMLS/problems/chr8:12141854-43500000,8.71372598682985
H3K27ac-H3K4me3_TDHAM_BP/samples/GR3_H3K4me3/S00KFV_WTSI/problems/chr3:60000-66170270,8.700278786630513
H3K27ac-H3K4me3_TDHAM_BP/samples/GR3_H3K4me3/S00KFV_WTSI/problems/chr5:49600000-91636128,8.580223664022661
H3K27ac-H3K4me3_TDHAM_BP/samples/GR3_H3K4me3/S00KHR_WTSI/problems/chr5:49600000-91636128,8.205904606662763
H3K27ac-H3K4me3_TDHAM_BP/samples/GR3_H3K4me3/S00M0G_WTSI/problems/chr3:60000-66170270,8.889241222876272
H3K27ac-H3K4me3_TDHAM_BP/samples/GR3_H3K4me3/S00M0G_WTSI/problems/chr5:49600000-91636128,8.210440356233931
H3K27ac-H3K4me3_TDHAM_BP/samples/GR3_H3K4me3/S00MBV_WTSI/problems/chr5:49600000-91636128,7.803880336451485
H3K27ac-H3K4me3_TDHAM_BP/samples/GR3_H3K4me3/S00N7Z_WTSI/problems/chr5:49600000-91636128,8.413018610360417
H3K27ac-H3K4me3_TDHAM_BP/samples/GR4_H3K27ac/S007G7_NCMLS/problems/chr16:46510000-88389383,7.933941499978019
H3K27ac-H3K4me3_TDHAM_BP/samples/GR4_H3K27ac/S007G7_NCMLS/problems/chr5:49600000-91636128,7.758112675178765
H3K27ac-H3K4me3_TDHAM_BP/samples/GR4_H3K27ac/S007PQ_NCMLS/problems/chr16:46510000-88389383,8.37963805826103
H3K27ac-H3K4me3_TDHAM_BP/samples/GR4_H3K27ac/S007VE_McGill/problems/chr5:49600000-91636128,8.796502461182492
H3K27ac-H3K4me3_TDHAM_BP/samples/GR4_H3K27ac/S007VE_NCMLS/problems/chr5:49600000-91636128,8.78123868638675
H3K27ac-H3K4me3_TDHAM_BP/samples/GR4_H3K27ac/S007WC_NCMLS/problems/chr5:49600000-91636128,7.632741611796611
H3K27ac-H3K4me3_TDHAM_BP/samples/GR4_H3K27ac/S00E9U_WTSI/problems/chr16:46510000-88389383,9.25540526551972
H3K27ac-H3K4me3_TDHAM_BP/samples/GR4_H3K27ac/S00FPV_WTSI/problems/chr5:49600000-91636128,10.47333914190316
H3K27ac-H3K4me3_TDHAM_BP/samples/GR4_H3K27ac/S00FUL_WTSI/problems/chr16:46510000-88389383,10.229162168423578
H3K27ac-H3K4me3_TDHAM_BP/samples/GR4_H3K27ac/S00FVJ_WTSI/problems/chr16:46510000-88389383,9.004289237631447
H3K27ac-H3K4me3_TDHAM_BP/samples/GR4_H3K27ac/S00G5U_WTSI/problems/chr5:49600000-91636128,13.022389714718557
H3K27ac-H3K4me3_TDHAM_BP/samples/GR4_H3K4me3/S00NHF_WTSI/problems/chr12:66500000-109373470,8.742696028243351
H3K27ac-H3K4me3_TDHAM_BP/samples/GR4_H3K4me3/S00NQY_WTSI/problems/chr12:66500000-109373470,8.411088425982264
H3K27ac-H3K4me3_TDHAM_BP/samples/GR4_H3K4me3/S00NRW_WTSI/problems/chr5:49600000-91636128,8.134815899109675
H3K27ac-H3K4me3_TDHAM_BP/samples/GR4_H3K4me3/S00NVO_WTSI/problems/chr12:66500000-109373470,8.625767537672566
H3K27ac-H3K4me3_TDHAM_BP/samples/GR4_H3K4me3/S00NVO_WTSI/problems/chr16:46510000-88389383,8.90568074037315
H3K27ac-H3K4me3_TDHAM_BP/samples/GR4_H3K4me3/S00P04_WTSI/problems/chr12:66500000-109373470,8.681089647264535
H3K27ac-H3K4me3_TDHAM_BP/samples/GR4_H3K4me3/S00P04_WTSI/problems/chr5:49600000-91636128,8.16088226268321
H3K27ac-H3K4me3_TDHAM_BP/samples/GR4_H3K4me3/S00P20_WTSI/problems/chr16:46510000-88389383,9.37837361888004
H3K27ac-H3K4me3_TDHAM_BP/samples/GR4_H3K4me3/S00P8P_WTSI/problems/chr12:66500000-109373470,8.799456023593699
H3K27ac-H3K4me3_TDHAM_BP/samples/GR4_H3K4me3/S00PBJ_WTSI/problems/chr16:46510000-88389383,9.355808616992356
H3K27ac-H3K4me3_TDHAM_BP/samples/GR4_H3K4me3/S00PCH_WTSI/problems/chr5:49600000-91636128,8.648757563818059
H3K27ac-H3K4me3_TDHAM_BP/samples/GR5_H3K27ac/S00GSL_WTSI/problems/chr5:49600000-91636128,7.7192972935250594
H3K27ac-H3K4me3_TDHAM_BP/samples/GR5_H3K27ac/S00HE8_WTSI/problems/chr2:16329724-21153113,11.863445789027004
H3K27ac-H3K4me3_TDHAM_BP/samples/GR5_H3K27ac/S00J9A_WTSI/problems/chr2:16329724-21153113,9.383984639288592
H3K27ac-H3K4me3_TDHAM_BP/samples/GR5_H3K27ac/S00JA8_WTSI/problems/chr5:49600000-91636128,8.659943136335308
H3K27ac-H3K4me3_TDHAM_BP/samples/GR5_H3K27ac/S00JD2_WTSI/problems/chr2:16329724-21153113,9.604344040022987
H3K27ac-H3K4me3_TDHAM_BP/samples/GR5_H3K4me3/S00PK1_WTSI/problems/chr16:46510000-88389383,8.881302268995931
H3K27ac-H3K4me3_TDHAM_BP/samples/GR5_H3K4me3/S00PQQ_WTSI/problems/chr5:49600000-91636128,8.37511330741858
H3K27ac-H3K4me3_TDHAM_BP/samples/GR5_H3K4me3/S00PVG_WTSI/problems/chr16:46510000-88389383,9.052386652647648
H3K27ac-H3K4me3_TDHAM_BP/samples/GR5_H3K4me3/S00PWE_WTSI/problems/chr16:46510000-88389383,9.240231232342218
H3K27ac-H3K4me3_TDHAM_BP/samples/GR5_H3K4me3/S00PYA_WTSI/problems/chr16:46510000-88389383,8.940205775830513
H3K27ac-H3K4me3_TDHAM_BP/samples/GR5_H3K4me3/S00Q5R_WTSI/problems/chr16:46510000-88389383,8.513015126458875
H3K27ac-H3K4me3_TDHAM_BP/samples/GR5_H3K4me3/S00QE9_WTSI/problems/chr16:46510000-88389383,8.909274883744452
H3K27ac-H3K4me3_TDHAM_BP/samples/GR5_H3K4me3/S00QE9_WTSI/problems/chr5:49600000-91636128,7.930464563429204
H3K27ac-H3K4me3_TDHAM_BP/samples/GR6_H3K27ac/S00JU5_WTSI/problems/chr16:46510000-88389383,8.872059647608417
H3K27ac-H3K4me3_TDHAM_BP/samples/GR6_H3K27ac/S00JV3_WTSI/problems/chr16:46510000-88389383,8.459911024923755
H3K27ac-H3K4me3_TDHAM_BP/samples/GR6_H3K27ac/S00JYY_WTSI/problems/chr5:49600000-91636128,8.206255512833529
H3K27ac-H3K4me3_TDHAM_BP/samples/GR6_H3K27ac/S00K4G_WTSI/problems/chr5:49600000-91636128,8.275011151519884
H3K27ac-H3K4me3_TDHAM_BP/samples/GR6_H3K27ac/S00KFV_WTSI/problems/chr16:46510000-88389383,8.820525403220138
H3K27ac-H3K4me3_TDHAM_BP/samples/GR6_H3K27ac/S00KFV_WTSI/problems/chr5:49600000-91636128,8.616537884441428
H3K27ac-H3K4me3_TDHAM_BP/samples/GR6_H3K27ac/S00KKL_WTSI/problems/chr5:49600000-91636128,8.138183789137678
H3K27ac-H3K4me3_TDHAM_BP/samples/GR6_H3K27ac/S00M0G_WTSI/problems/chr5:49600000-91636128,8.161309576990831
H3K27ac-H3K4me3_TDHAM_BP/samples/GR6_H3K27ac/S00M1E_WTSI/problems/chr16:46510000-88389383,9.059183249533696
H3K27ac-H3K4me3_TDHAM_BP/samples/GR6_H3K4me3/S00RMQ_WTSI/problems/chr5:49600000-91636128,8.912140549730275
H3K27ac-H3K4me3_TDHAM_BP/samples/GR6_H3K4me3/S00S2P_WTSI/problems/chr5:49600000-91636128,8.775453887169483
H3K27ac-H3K4me3_TDHAM_BP/samples/GR6_H3K4me3/S00S4L_WTSI/problems/chr5:49600000-91636128,9.027771057001694
H3K27ac-H3K4me3_TDHAM_BP/samples/GR6_H3K4me3/S00S7F_WTSI/problems/chr5:49600000-91636128,9.026917092938426
H3K27ac-H3K4me3_TDHAM_BP/samples/GR7_H3K27ac/S00MBV_WTSI/problems/chr12:66500000-109373470,8.381401480373924
H3K27ac-H3K4me3_TDHAM_BP/samples/GR7_H3K27ac/S00N36_WTSI/problems/chr5:49600000-91636128,9.471572113731945
H3K27ac-H3K4me3_TDHAM_BP/samples/GR7_H3K27ac/S00N52_WTSI/problems/chr5:49600000-91636128,8.192557085241269
H3K27ac-H3K4me3_TDHAM_BP/samples/GR7_H3K27ac/S00N7Z_WTSI/problems/chr12:66500000-109373470,8.892191967135737
H3K27ac-H3K4me3_TDHAM_BP/samples/GR7_H3K27ac/S00N7Z_WTSI/problems/chr5:49600000-91636128,8.817762345926809
H3K27ac-H3K4me3_TDHAM_BP/samples/GR7_H3K27ac/S00NRW_WTSI/problems/chr5:49600000-91636128,8.58861183788779
H3K27ac-H3K4me3_TDHAM_BP/samples/GR7_H3K27ac/S00NUQ_WTSI/problems/chr5:49600000-91636128,9.039453324036593
H3K27ac-H3K4me3_TDHAM_BP/samples/GR7_H3K27ac/S00NXK_WTSI/problems/chr12:66500000-109373470,8.784966036313342
H3K27ac-H3K4me3_TDHAM_BP/samples/GR7_H3K4me3/S00SMM_WTSI/problems/chr2:162200000-234003741,8.093449002988955
H3K27ac-H3K4me3_TDHAM_BP/samples/GR7_H3K4me3/S00SV4_WTSI/problems/chr2:162200000-234003741,8.013774215185926
H3K27ac-H3K4me3_TDHAM_BP/samples/GR7_H3K4me3/S00SX0_WTSI/problems/chr12:66500000-109373470,7.9226417162316665
H3K27ac-H3K4me3_TDHAM_BP/samples/GR7_H3K4me3/S00SX0_WTSI/problems/chr2:162200000-234003741,7.991792404152811
H3K27ac-H3K4me3_TDHAM_BP/samples/GR7_H3K4me3/S00SYZ_WTSI/problems/chr12:66500000-109373470,8.077363188414061
H3K27ac-H3K4me3_TDHAM_BP/samples/GR7_H3K4me3/S00T4H_WTSI/problems/chr12:66500000-109373470,8.149265174327859
H3K27ac-H3K4me3_TDHAM_BP/samples/GR7_H3K4me3/S00T6D_WTSI/problems/chr12:66500000-109373470,8.746666316896132
H3K27ac-H3K4me3_TDHAM_BP/samples/GR7_H3K4me3/S00T6D_WTSI/problems/chr2:162200000-234003741,8.887047679472396
H3K27ac-H3K4me3_TDHAM_BP/samples/GR7_H3K4me3/S00TT4_WTSI/problems/chr12:66500000-109373470,8.45434649060035
H3K27ac-H3K4me3_TDHAM_BP/samples/GR7_H3K4me3/S00U1J_WTSI/problems/chr2:162200000-234003741,8.51180422091489
H3K27ac-H3K4me3_TDHAM_BP/samples/GR7_H3K4me3/S00U1J_WTSI/problems/chr5:49600000-91636128,7.799462827867174
H3K27ac-H3K4me3_TDHAM_BP/samples/GR8_H3K27ac/S00PVG_WTSI/problems/chr5:49600000-91636128,8.428526493789064
H3K27ac-H3K4me3_TDHAM_BP/samples/GR8_H3K27ac/S00PYA_WTSI/problems/chr5:49600000-91636128,9.77293257675506
H3K27ac-H3K4me3_TDHAM_BP/samples/GR8_H3K27ac/S00Q6P_WTSI/problems/chr5:49600000-91636128,8.098642811311656
H3K27ac-H3K4me3_TDHAM_BP/samples/GR8_H3K4me3/S00U5B_WTSI/problems/chr5:49600000-91636128,8.87979715494216
H3K27ac-H3K4me3_TDHAM_BP/samples/GR8_H3K4me3/S00UKI_WTSI/problems/chr5:49600000-91636128,8.66595766619097
H3K27ac-H3K4me3_TDHAM_BP/samples/GR8_H3K4me3/S00V57_WTSI/problems/chr2:162200000-234003741,8.884077334355943
H3K27ac-H3K4me3_TDHAM_BP/samples/GR8_H3K4me3/S00V65_WTSI/problems/chr2:162200000-234003741,8.454798107577808
H3K27ac-H3K4me3_TDHAM_BP/samples/GR8_H3K4me3/S00VVT_WTSI/problems/chr5:49600000-91636128,8.154993167840331
H3K27ac-H3K4me3_TDHAM_BP/samples/GR8_H3K4me3/S00W45_WTSI/problems/chr2:162200000-234003741,8.051951391931617
H3K27ac-H3K4me3_TDHAM_BP/samples/GR8_H3K4me3/S00WKA_WTSI/problems/chr2:162200000-234003741,8.3645673779913
H3K27ac-H3K4me3_TDHAM_BP/samples/GR8_H3K4me3/S00WQZ_WTSI/problems/chr5:49600000-91636128,9.474387824849309
H3K27ac-H3K4me3_TDHAM_BP/samples/GR9_H3K27ac/S00QQM_WTSI/problems/chr5:49600000-91636128,9.905185274297828
H3K27ac-H3K4me3_TDHAM_BP/samples/GR9_H3K27ac/S00QRK_WTSI/problems/chr5:49600000-91636128,9.233695759899554
H3K27ac-H3K4me3_TDHAM_BP/samples/GR9_H3K27ac/S00R0X_WTSI/problems/chr5:49600000-91636128,7.7471381196190094
H3K27ac-H3K4me3_TDHAM_BP/samples/GR9_H3K27ac/S00R1V_WTSI/problems/chr5:49600000-91636128,8.197489485356435
H3K27ac-H3K4me3_TDHAM_BP/samples/GR9_H3K27ac/S00RD7_WTSI/problems/chr5:49600000-91636128,8.818790907349374
H3K27ac-H3K4me3_TDHAM_BP/samples/GR9_H3K4me3/S00WTT_WTSI/problems/chr2:162200000-234003741,9.023776894227247
H3K27ac-H3K4me3_TDHAM_BP/samples/GR9_H3K4me3/S00WTT_WTSI/problems/chr5:49600000-91636128,8.356653377287046
H3K27ac-H3K4me3_TDHAM_BP/samples/GR9_H3K4me3/S00XGE_WTSI/problems/chr2:162200000-234003741,9.030954578444529
H3K27ac-H3K4me3_TDHAM_BP/samples/GR9_H3K4me3/S00XK6_WTSI/problems/chr5:49600000-91636128,8.009690494115581
H3K27ac-H3K4me3_TDHAM_BP/samples/GR9_H3K4me3/S00YBK_WTSI/problems/chr2:162200000-234003741,8.207322802025068
H3K27ac-H3K4me3_TDHAM_BP/samples/GR9_H3K4me3/S00YCI_WTSI/problems/chr2:162200000-234003741,9.144821188661915
H3K27ac-H3K4me3_TDHAM_BP/samples/GR9_H3K4me3/S00YK2_WTSI/problems/chr5:49600000-91636128,8.306287359581233
H3K27ac-H3K4me3_TDHAM_BP/samples/Input/S000X1_NCMLS_Mono/problems/chr10:51448845-125869472,9.60108097024149
H3K27ac-H3K4me3_TDHAM_BP/samples/Input/S000X1_NCMLS_Mono/problems/chr3:60000-66170270,9.37114671983172
H3K27ac-H3K4me3_TDHAM_BP/samples/Input/S001C2_NCMLS_Mono/problems/chr10:51448845-125869472,11.413391828640336
H3K27ac-H3K4me3_TDHAM_BP/samples/Input/S001C2_NCMLS_Mono/problems/chr11:60000-580000,7.618888598946761
H3K27ac-H3K4me3_TDHAM_BP/samples/Input/S001C2_NCMLS_Mono/problems/chr2:33200000-87000000,8.716609628318672
H3K27ac-H3K4me3_TDHAM_BP/samples/Input/S001C2_NCMLS_Mono/problems/chr8:87000000-142766515,9.133274758825486
H3K27ac-H3K4me3_TDHAM_BP/samples/Input/S001GV_NCMLS_GR/problems/chr10:51448845-125869472,9.656168979750113
H3K27ac-H3K4me3_TDHAM_BP/samples/Input/S001GV_NCMLS_GR/problems/chr2:33200000-87000000,7.49617569794021
H3K27ac-H3K4me3_TDHAM_BP/samples/Input/S001GV_NCMLS_GR/problems/chr6:160530000-167942073,7.8560273033627865
H3K27ac-H3K4me3_TDHAM_BP/samples/Input/S001GV_NCMLS_Mono/problems/chr2:149790582-162100000,7.390217771802391
H3K27ac-H3K4me3_TDHAM_BP/samples/Input/S001GV_NCMLS_Mono/problems/chr4:10000-1423146,8.000239061636002
H3K27ac-H3K4me3_TDHAM_BP/samples/Input/S001NH_NCMLS_GR/problems/chr10:51448845-125869472,10.12360525439454
H3K27ac-H3K4me3_TDHAM_BP/samples/Input/S001NH_NCMLS_GR/problems/chr11:60000-580000,7.321377396338271
H3K27ac-H3K4me3_TDHAM_BP/samples/Input/S001NH_NCMLS_GR/problems/chr6:160530000-167942073,8.111002829407788
H3K27ac-H3K4me3_TDHAM_BP/samples/Input/S001NH_NCMLS_Mono/problems/chr10:51448845-125869472,9.948758273772803
H3K27ac-H3K4me3_TDHAM_BP/samples/Input/S001NH_NCMLS_Mono/problems/chr2:149790582-162100000,7.119685976171645
H3K27ac-H3K4me3_TDHAM_BP/samples/Input/S001NH_NCMLS_Mono/problems/chr2:33200000-87000000,7.300009444491501
H3K27ac-H3K4me3_TDHAM_BP/samples/Input/S001NH_NCMLS_Mono/problems/chr3:60000-66170270,8.713331649285301
H3K27ac-H3K4me3_TDHAM_BP/samples/Input/S0021K_McGill_nTC/problems/chr2:110251337-149690582,10.097091857219901
H3K27ac-H3K4me3_TDHAM_BP/samples/Input/S0021K_McGill_nTC/problems/chr2:33200000-87000000,8.2040533415204
H3K27ac-H3K4me3_TDHAM_BP/samples/Input/S0021K_McGill_nTC/problems/chr3:60000-66170270,8.080189490723036
H3K27ac-H3K4me3_TDHAM_BP/samples/Input/S0021K_McGill_nTC/problems/chr4:10000-1423146,8.251925931902782
H3K27ac-H3K4me3_TDHAM_BP/samples/Input/S0026A_McGill_Mono/problems/chr11:60000-580000,-168.0924117820675
H3K27ac-H3K4me3_TDHAM_BP/samples/Input/S0026A_McGill_Mono/problems/chr2:33200000-87000000,8.06268104478719
H3K27ac-H3K4me3_TDHAM_BP/samples/Input/S0026A_McGill_Mono/problems/chr5:49600000-91636128,8.205819587878786
H3K27ac-H3K4me3_TDHAM_BP/samples/Input/S0026A_McGill_Mono/problems/chr8:87000000-142766515,7.974359417283672
H3K27ac-H3K4me3_TDHAM_BP/samples/Input/S00294_NCMLS_GR/problems/chr10:60000-17974675,8.360458920848394
H3K27ac-H3K4me3_TDHAM_BP/samples/Input/S00294_NCMLS_GR/problems/chr11:60000-580000,7.290041865065511
H3K27ac-H3K4me3_TDHAM_BP/samples/Input/S00294_NCMLS_GR/problems/chr2:162200000-234003741,7.137272078157103
H3K27ac-H3K4me3_TDHAM_BP/samples/Input/S00294_NCMLS_GR/problems/chr6:160530000-167942073,8.204339699157906
H3K27ac-H3K4me3_TDHAM_BP/samples/Input/S00294_NCMLS_Mono/problems/chr4:10000-1423146,7.900875721485171
H3K27ac-H3K4me3_TDHAM_BP/samples/Input/S002EV_McGill_nTC/problems/chr11:60000-580000,7.604432928520161
H3K27ac-H3K4me3_TDHAM_BP/samples/Input/S002EV_McGill_nTC/problems/chr1:206482221-223747846,7.819409035293752
H3K27ac-H3K4me3_TDHAM_BP/samples/Input/S002EV_McGill_nTC/problems/chr2:149790582-162100000,7.874906314632717
H3K27ac-H3K4me3_TDHAM_BP/samples/Input/S002EV_McGill_nTC/problems/chr2:33200000-87000000,8.005082234037552
H3K27ac-H3K4me3_TDHAM_BP/samples/Input/S002EV_McGill_nTC/problems/chr4:10000-1423146,8.351151040725135
H3K27ac-H3K4me3_TDHAM_BP/samples/Input/S002EV_McGill_nTC/problems/chr4:75452279-190000000,8.369575376548447
H3K27ac-H3K4me3_TDHAM_BP/samples/Input/S002EV_McGill_nTC/problems/chr6:160530000-167942073,7.9330765057164925
H3K27ac-H3K4me3_TDHAM_BP/samples/Input/S002EV_McGill_nTC/problems/chr8:87000000-142766515,8.072346033246966
H3K27ac-H3K4me3_TDHAM_BP/samples/Input/S002FT_McGill_Mono/problems/chr1:206482221-223747846,8.077421532543191
H3K27ac-H3K4me3_TDHAM_BP/samples/Input/S002FT_McGill_Mono/problems/chr2:149790582-162100000,8.142678467578584
H3K27ac-H3K4me3_TDHAM_BP/samples/Input/S002FT_McGill_Mono/problems/chr4:10000-1423146,8.01934302130477
H3K27ac-H3K4me3_TDHAM_BP/samples/Input/S002FT_McGill_Mono/problems/chr8:87000000-142766515,8.158676870894332
H3K27ac-H3K4me3_TDHAM_BP/samples/Input/S002KJ_McGill_Mono/problems/chr10:51448845-125869472,6.706494185430152
H3K27ac-H3K4me3_TDHAM_BP/samples/Input/S002KJ_McGill_Mono/problems/chr1:30028082-91800000,8.29735559042215
H3K27ac-H3K4me3_TDHAM_BP/samples/Input/S002KJ_McGill_Mono/problems/chr4:10000-1423146,8.252368095667201
H3K27ac-H3K4me3_TDHAM_BP/samples/Input/S002KJ_McGill_Mono/problems/chr8:87000000-142766515,8.216897661518367
H3K27ac-H3K4me3_TDHAM_BP/samples/Input/S002KJ_NCMLS_GR/problems/chr10:51448845-125869472,11.863630424679222
H3K27ac-H3K4me3_TDHAM_BP/samples/Input/S002KJ_NCMLS_GR/problems/chr1:206482221-223747846,8.355106475446256
H3K27ac-H3K4me3_TDHAM_BP/samples/Input/S002KJ_NCMLS_GR/problems/chr2:110251337-149690582,10.248677603522829
H3K27ac-H3K4me3_TDHAM_BP/samples/Input/S002KJ_NCMLS_GR/problems/chr2:162200000-234003741,7.668692250348123
H3K27ac-H3K4me3_TDHAM_BP/samples/Input/S002KJ_NCMLS_GR/problems/chr2:33200000-87000000,7.738775152631582
H3K27ac-H3K4me3_TDHAM_BP/samples/Input/S002KJ_NCMLS_GR/problems/chr3:60000-66170270,9.063624425244917
H3K27ac-H3K4me3_TDHAM_BP/samples/Input/S002KJ_NCMLS_GR/problems/chr4:75452279-190000000,9.106930160435446
H3K27ac-H3K4me3_TDHAM_BP/samples/Input/S002KJ_NCMLS_Mono/problems/chr11:60000-580000,8.596753832633134
H3K27ac-H3K4me3_TDHAM_BP/samples/Input/S002KJ_NCMLS_Mono/problems/chr2:149790582-162100000,6.681318778051811
H3K27ac-H3K4me3_TDHAM_BP/samples/Input/S002KJ_NCMLS_Mono/problems/chr2:33200000-87000000,6.799196436233494
H3K27ac-H3K4me3_TDHAM_BP/samples/Input/S002KJ_NCMLS_Mono/problems/chr3:60000-66170270,8.289784335229761
H3K27ac-H3K4me3_TDHAM_BP/samples/Input/S002KJ_NCMLS_Mono/problems/chr8:87000000-142766515,8.308145191357717
H3K27ac-H3K4me3_TDHAM_BP/samples/Input/S00382_McGill_nTC/problems/chr11:60000-580000,7.826664730889341
H3K27ac-H3K4me3_TDHAM_BP/samples/Input/S00382_McGill_nTC/problems/chr2:149790582-162100000,7.993533098049717
H3K27ac-H3K4me3_TDHAM_BP/samples/Input/S00382_McGill_nTC/problems/chr8:87000000-142766515,8.267730924273643
H3K27ac-H3K4me3_TDHAM_BP/samples/Input/S0064Z_McGill_nTC/problems/chr10:51448845-125869472,6.548795172917771
H3K27ac-H3K4me3_TDHAM_BP/samples/Input/S0064Z_McGill_nTC/problems/chr11:60000-580000,7.5611281525083385
H3K27ac-H3K4me3_TDHAM_BP/samples/Input/S0064Z_McGill_nTC/problems/chr3:60000-66170270,8.358065919927505
H3K27ac-H3K4me3_TDHAM_BP/samples/Input/S0064Z_McGill_nTC/problems/chr6:160530000-167942073,7.848692465241378
H3K27ac-H3K4me3_TDHAM_BP/samples/Input/S006UK_McGill_GR/problems/chr10:60000-17974675,7.477027245710978
H3K27ac-H3K4me3_TDHAM_BP/samples/Input/S006UK_McGill_GR/problems/chr2:33200000-87000000,7.778898375122246
H3K27ac-H3K4me3_TDHAM_BP/samples/Input/S006UK_McGill_GR/problems/chr3:60000-66170270,7.754900492728289
H3K27ac-H3K4me3_TDHAM_BP/samples/Input/S006UK_McGill_GR/problems/chr6:160530000-167942073,9.083094700892026
H3K27ac-H3K4me3_TDHAM_BP/samples/Input/S007CF_McGill_GR/problems/chr10:51448845-125869472,8.192296211615606
H3K27ac-H3K4me3_TDHAM_BP/samples/Input/S007CF_McGill_GR/problems/chr2:110251337-149690582,8.033050984237867
H3K27ac-H3K4me3_TDHAM_BP/samples/Input/S007CF_McGill_GR/problems/chr5:49600000-91636128,7.992753358999444
H3K27ac-H3K4me3_TDHAM_BP/samples/Input/S007CF_McGill_GR/problems/chr6:160530000-167942073,7.9142104816603975
H3K27ac-H3K4me3_TDHAM_BP/samples/Input/S007VE_McGill_GR/problems/chr10:51448845-125869472,7.526677569856169
H3K27ac-H3K4me3_TDHAM_BP/samples/Input/S007VE_McGill_GR/problems/chr1:206482221-223747846,7.600149182394851
H3K27ac-H3K4me3_TDHAM_BP/samples/Input/S007VE_McGill_GR/problems/chr2:162200000-234003741,7.974436902613839
H3K27ac-H3K4me3_TDHAM_BP/samples/Input/S007VE_McGill_GR/problems/chr5:49600000-91636128,7.776574951722445
H3K27ac-H3K4me3_TDHAM_BP/samples/Input/S00D9Y_McGill_nTC/problems/chr10:60000-17974675,8.011045243555422
H3K27ac-H3K4me3_TDHAM_BP/samples/Input/S00D9Y_McGill_nTC/problems/chr2:110251337-149690582,9.993942024697311
H3K27ac-H3K4me3_TDHAM_BP/samples/Input/S00D9Y_McGill_nTC/problems/chr2:33200000-87000000,8.175372558956006
H3K27ac-H3K4me3_TDHAM_BP/samples/Input/S00D9Y_McGill_nTC/problems/chr4:10000-1423146,7.7162149288934145
H3K27ac-H3K4me3_TDHAM_BP/samples/Input/S00D9Y_McGill_nTC/problems/chr5:49600000-91636128,10.276654618637174
H3K27ac-H3K4me3_TDHAM_BP/samples/Input/S00D9Y_McGill_nTC/problems/chr6:160530000-167942073,8.131956730882528
H3K27ac-H3K4me3_TDHAM_BP/samples/Input/S00DKC_McGill_nTC/problems/chr10:51448845-125869472,7.583401725937357
H3K27ac-H3K4me3_TDHAM_BP/samples/Input/S00DKC_McGill_nTC/problems/chr2:149790582-162100000,8.001293640860972
H3K27ac-H3K4me3_TDHAM_BP/samples/Input/S00DKC_McGill_nTC/problems/chr5:49600000-91636128,10.007761366470014
H3K27ac-H3K4me3_TDHAM_BP/samples/Input/S00DQ0_McGill_nTC/problems/chr4:75452279-190000000,8.304768636680926
H3K27ac-H3K4me3_TDHAM_BP/samples/Input/S00E9U_McGill_nTC/problems/chr1:206482221-223747846,7.960503161046454
H3K27ac-H3K4me3_TDHAM_BP/samples/Input/S00E9U_McGill_nTC/problems/chr2:162200000-234003741,6.933745241362963
H3K27ac-H3K4me3_TDHAM_BP/samples/Input/S00E9U_McGill_nTC/problems/chr4:10000-1423146,7.892633014296159
H3K27ac-H3K4me3_TDHAM_BP/samples/Input/S00E9U_McGill_nTC/problems/chr4:75452279-190000000,8.501617593691286
H3K27ac-H3K4me3_TDHAM_BP/samples/Input/S00E9U_McGill_nTC/problems/chr5:49600000-91636128,10.63659896127664
H3K27ac-H3K4me3_TDHAM_BP/samples/Input/S00G7Q_McGill_nTC/problems/chr2:33200000-87000000,8.024221450094352
H3K27ac-H3K4me3_TDHAM_BP/samples/Input/S00G7Q_McGill_nTC/problems/chr4:10000-1423146,8.385944662295735
H3K27ac-H3K4me3_TDHAM_BP/samples/Input/S00G7Q_McGill_nTC/problems/chr8:87000000-142766515,7.955544936702431
H3K27ac-H3K4me3_TDHAM_BP/samples/Input/S00GBI_McGill_nTC/problems/chr1:30028082-91800000,8.223040662054636
H3K27ac-H3K4me3_TDHAM_BP/samples/Input/S00GBI_McGill_nTC/problems/chr2:33200000-87000000,8.330893368929473
H3K27ac-H3K4me3_TDHAM_BP/samples/Input/S00GBI_McGill_nTC/problems/chr4:10000-1423146,7.824500281363207
H3K27ac-H3K4me3_TDHAM_BP/samples/Input/S00GBI_McGill_nTC/problems/chr6:160530000-167942073,8.085663075993203
H3K27ac-H3K4me3_TDHAM_BP/samples/Input/S00GEC_McGill_nTC/problems/chr11:60000-580000,7.530431149402453
H3K27ac-H3K4me3_TDHAM_BP/samples/Input/S00GEC_McGill_nTC/problems/chr2:162200000-234003741,7.304868132831423
H3K27ac-H3K4me3_TDHAM_BP/samples/Input/S00GEC_McGill_nTC/problems/chr8:87000000-142766515,8.276224861510222
H3K27ac-H3K4me3_TDHAM_BP/samples/Input/S00GSL_McGill_nTC/problems/chr10:60000-17974675,8.372480550361864
H3K27ac-H3K4me3_TDHAM_BP/samples/Input/S00GSL_McGill_nTC/problems/chr11:60000-580000,7.573460411044572
H3K27ac-H3K4me3_TDHAM_BP/samples/Input/S00GSL_McGill_nTC/problems/chr5:49600000-91636128,10.918577327072931
H3K27ac-H3K4me3_TDHAM_BP/samples/Input/S00GSL_McGill_nTC/problems/chr8:87000000-142766515,8.72991395268442
H3K27ac-H3K4me3_TDHAM_BP/samples/Input/S00GWD_McGill_nTC/problems/chr10:51448845-125869472,6.819479048019183
H3K27ac-H3K4me3_TDHAM_BP/samples/Input/S00GWD_McGill_nTC/problems/chr1:206482221-223747846,8.1107588941235
H3K27ac-H3K4me3_TDHAM_BP/samples/Input/S00GWD_McGill_nTC/problems/chr1:30028082-91800000,8.360793722166697
H3K27ac-H3K4me3_TDHAM_BP/samples/Input/S00GWD_McGill_nTC/problems/chr3:60000-66170270,8.26950377631426
H3K27ac-H3K4me3_TDHAM_BP/samples/Input/S00GWD_McGill_nTC/problems/chr4:10000-1423146,8.144244815359933
H3K27ac-H3K4me3_TDHAM_BP/samples/Input/S00HVB_McGill_nTC/problems/chr10:51448845-125869472,6.64494491269523
H3K27ac-H3K4me3_TDHAM_BP/samples/Input/S00HVB_McGill_nTC/problems/chr10:60000-17974675,7.959034533929774
H3K27ac-H3K4me3_TDHAM_BP/samples/Input/S00HVB_McGill_nTC/problems/chr8:87000000-142766515,8.122754530467667
H3K27ac-H3K4me3_TDHAM_BP/samples/Input/S00JT7_McGill_nTC/problems/chr10:51448845-125869472,7.580944874071768
H3K27ac-H3K4me3_TDHAM_BP/samples/Input/S00JT7_McGill_nTC/problems/chr11:60000-580000,7.47942590771904
H3K27ac-H3K4me3_TDHAM_BP/samples/Input/S00JT7_McGill_nTC/problems/chr4:75452279-190000000,8.143874962607732
H3K27ac-H3K4me3_TDHAM_BP/samples/Input/S00JT7_McGill_nTC/problems/chr6:160530000-167942073,7.698258547033824
H3K27ac-H3K4me3_TDHAM_BP/samples/Input/S00JYY_McGill_nTC/problems/chr1:206482221-223747846,7.895140153357168
H3K27ac-H3K4me3_TDHAM_BP/samples/Input/S00JYY_McGill_nTC/problems/chr3:60000-66170270,8.15733212987805
H3K27ac-H3K4me3_TDHAM_BP/samples/Input/S00JYY_McGill_nTC/problems/chr4:10000-1423146,7.804460752932648
H3K27ac-H3K4me3_TDHAM_BP/samples/Input/S00JYY_McGill_nTC/problems/chr4:75452279-190000000,8.482725208519192
H3K27ac-H3K4me3_TDHAM_BP/samples/Input/S00JYY_McGill_nTC/problems/chr5:49600000-91636128,10.344140702135029
H3K27ac-H3K4me3_TDHAM_BP/samples/Input/S00JYY_McGill_nTC/problems/chr8:87000000-142766515,8.269621449169783
H3K27ac-H3K4me3_TDHAM_BP/samples/Input/S00KEX_McGill_nTC/problems/chr1:206482221-223747846,7.990876377944893
H3K27ac-H3K4me3_TDHAM_BP/samples/Input/S00KEX_McGill_nTC/problems/chr2:110251337-149690582,10.16823731395396
H3K27ac-H3K4me3_TDHAM_BP/samples/Input/S00KEX_McGill_nTC/problems/chr5:49600000-91636128,10.485130158923475
H3K27ac-H3K4me3_TDHAM_BP/samples/Mono10_H3K27ac/S00S2P_WTSI/problems/chr5:49600000-91636128,8.581410643441778
H3K27ac-H3K4me3_TDHAM_BP/samples/Mono10_H3K27ac/S00S4L_WTSI/problems/chr5:49600000-91636128,8.121503593214577
H3K27ac-H3K4me3_TDHAM_BP/samples/Mono10_H3K27ac/S00SE1_WTSI/problems/chr4:52660117-59739333,8.031052716719834
H3K27ac-H3K4me3_TDHAM_BP/samples/Mono10_H3K27ac/S00SJS_WTSI/problems/chr5:49600000-91636128,7.767264359309479
H3K27ac-H3K4me3_TDHAM_BP/samples/Mono10_H3K27ac/S00SMM_WTSI/problems/chr4:52660117-59739333,7.910584735126008
H3K27ac-H3K4me3_TDHAM_BP/samples/Mono10_H3K27ac/S00SV4_WTSI/problems/chr4:52660117-59739333,7.67893799078405
H3K27ac-H3K4me3_TDHAM_BP/samples/Mono10_H3K27ac/S00SYZ_WTSI/problems/chr5:49600000-91636128,8.266681783570284
H3K27ac-H3K4me3_TDHAM_BP/samples/Mono11_H3K27ac/S00U1J_WTSI/problems/chr5:49600000-91636128,9.214526188796292
H3K27ac-H3K4me3_TDHAM_BP/samples/Mono11_H3K27ac/S00VVT_WTSI/problems/chr5:49600000-91636128,8.28741947747104
H3K27ac-H3K4me3_TDHAM_BP/samples/Mono12_H3K27ac/S00W45_WTSI/problems/chr5:49600000-91636128,8.098775328226559
H3K27ac-H3K4me3_TDHAM_BP/samples/Mono12_H3K27ac/S00WKA_WTSI/problems/chr5:49600000-91636128,8.19972233850789
H3K27ac-H3K4me3_TDHAM_BP/samples/Mono12_H3K27ac/S00WTT_WTSI/problems/chr5:49600000-91636128,8.112698868851169
H3K27ac-H3K4me3_TDHAM_BP/samples/Mono12_H3K27ac/S00XGE_WTSI/problems/chr5:49600000-91636128,10.63013457427892
H3K27ac-H3K4me3_TDHAM_BP/samples/Mono12_H3K27ac/S00YEE_WTSI/problems/chr5:49600000-91636128,8.641819494589406
H3K27ac-H3K4me3_TDHAM_BP/samples/Mono12_H3K27ac/S00YK2_WTSI/problems/chr5:49600000-91636128,8.479373073420426
H3K27ac-H3K4me3_TDHAM_BP/samples/Mono1_H3K27ac/S000GZ_NCMLS/problems/chr10:51448845-125869472,8.643221262005433
H3K27ac-H3K4me3_TDHAM_BP/samples/Mono1_H3K27ac/S000GZ_NCMLS/problems/chr10:60000-17974675,8.010133325328802
H3K27ac-H3K4me3_TDHAM_BP/samples/Mono1_H3K27ac/S000GZ_NCMLS/problems/chr11:55100000-69089801,8.211767199929191
H3K27ac-H3K4me3_TDHAM_BP/samples/Mono1_H3K27ac/S000GZ_NCMLS/problems/chr5:49600000-91636128,8.044599741834823
H3K27ac-H3K4me3_TDHAM_BP/samples/Mono1_H3K27ac/S000GZ_NCMLS/problems/chr8:87000000-142766515,7.802244695822111
H3K27ac-H3K4me3_TDHAM_BP/samples/Mono1_H3K27ac/S000X1_NCMLS/problems/chr1:206482221-223747846,8.167483944174734
H3K27ac-H3K4me3_TDHAM_BP/samples/Mono1_H3K27ac/S000X1_NCMLS/problems/chr8:12141854-43500000,8.320611550819287
H3K27ac-H3K4me3_TDHAM_BP/samples/Mono1_H3K27ac/S0010Q_NCMLS/problems/chr10:51448845-125869472,9.599032934956533
H3K27ac-H3K4me3_TDHAM_BP/samples/Mono1_H3K27ac/S0010Q_NCMLS/problems/chr6:160530000-167942073,8.414717282565121
H3K27ac-H3K4me3_TDHAM_BP/samples/Mono1_H3K27ac/S0010Q_NCMLS/problems/chr8:12141854-43500000,8.62691078569815
H3K27ac-H3K4me3_TDHAM_BP/samples/Mono1_H3K27ac/S0012M_NCMLS/problems/chr11:55100000-69089801,8.147592317567977
H3K27ac-H3K4me3_TDHAM_BP/samples/Mono1_H3K27ac/S0012M_NCMLS/problems/chr11:60000-580000,8.119824446267124
H3K27ac-H3K4me3_TDHAM_BP/samples/Mono1_H3K27ac/S0012M_NCMLS/problems/chr3:60000-66170270,9.053747860064853
H3K27ac-H3K4me3_TDHAM_BP/samples/Mono1_H3K27ac/S0012M_NCMLS/problems/chr5:49600000-91636128,8.693932628076645
H3K27ac-H3K4me3_TDHAM_BP/samples/Mono1_H3K27ac/S0012M_NCMLS/problems/chr6:160530000-167942073,7.890061088427814
H3K27ac-H3K4me3_TDHAM_BP/samples/Mono1_H3K27ac/S001C2_NCMLS/problems/chr11:55100000-69089801,8.288175205694778
H3K27ac-H3K4me3_TDHAM_BP/samples/Mono1_H3K27ac/S001C2_NCMLS/problems/chr5:49600000-91636128,8.411050624757955
H3K27ac-H3K4me3_TDHAM_BP/samples/Mono1_H3K27ac/S001GV_NCMLS/problems/chr10:60000-17974675,7.802712552195857
H3K27ac-H3K4me3_TDHAM_BP/samples/Mono1_H3K27ac/S001GV_NCMLS/problems/chr11:60000-580000,8.11986913778356
H3K27ac-H3K4me3_TDHAM_BP/samples/Mono1_H3K27ac/S001GV_NCMLS/problems/chr6:160530000-167942073,7.927982971098444
H3K27ac-H3K4me3_TDHAM_BP/samples/Mono1_H3K27ac/S001KN_NCMLS/problems/chr11:60000-580000,7.847356539890377
H3K27ac-H3K4me3_TDHAM_BP/samples/Mono1_H3K27ac/S001KN_NCMLS/problems/chr3:60000-66170270,8.630447715156514
H3K27ac-H3K4me3_TDHAM_BP/samples/Mono1_H3K27ac/S001KN_NCMLS/problems/chr8:87000000-142766515,7.793059893135819
H3K27ac-H3K4me3_TDHAM_BP/samples/Mono1_H3K27ac/S001NH_NCMLS/problems/chr10:51448845-125869472,8.549446649172772
H3K27ac-H3K4me3_TDHAM_BP/samples/Mono1_H3K27ac/S001NH_NCMLS/problems/chr8:12141854-43500000,7.8597776526299725
H3K27ac-H3K4me3_TDHAM_BP/samples/Mono1_H3K27ac/S001NH_NCMLS/problems/chr8:87000000-142766515,7.648557272764762
H3K27ac-H3K4me3_TDHAM_BP/samples/Mono1_H3K27ac/S001T5_NCMLS/problems/chr6:160530000-167942073,8.281504238282437
H3K27ac-H3K4me3_TDHAM_BP/samples/Mono1_H3K27ac/S001T5_NCMLS/problems/chr8:12141854-43500000,8.269139951503185
H3K27ac-H3K4me3_TDHAM_BP/samples/Mono1_H3K27ac/S0020M_NCMLS/problems/chr10:51448845-125869472,8.421329135316505
H3K27ac-H3K4me3_TDHAM_BP/samples/Mono1_H3K27ac/S0020M_NCMLS/problems/chr11:60000-580000,7.6036156888218684
H3K27ac-H3K4me3_TDHAM_BP/samples/Mono1_H3K27ac/S0020M_NCMLS/problems/chr3:60000-66170270,8.081199469287775
H3K27ac-H3K4me3_TDHAM_BP/samples/Mono1_H3K27ac/S0020M_NCMLS/problems/chr4:10000-1423146,8.601808051172988
H3K27ac-H3K4me3_TDHAM_BP/samples/Mono1_H3K27ac/S0020M_NCMLS/problems/chr6:160530000-167942073,7.615040849606295
H3K27ac-H3K4me3_TDHAM_BP/samples/Mono1_H3K27ac/S0020M_NCMLS/problems/chr8:12141854-43500000,7.690680828036932
H3K27ac-H3K4me3_TDHAM_BP/samples/Mono1_H3K27ac/S0020M_NCMLS/problems/chr8:87000000-142766515,8.059707317337335
H3K27ac-H3K4me3_TDHAM_BP/samples/Mono1_H3K27ac/S0021K_NCMLS/problems/chr6:160530000-167942073,8.048341383458336
H3K27ac-H3K4me3_TDHAM_BP/samples/Mono1_H3K27ac/S0026A_McGill/problems/chr10:60000-17974675,9.629096086757208
H3K27ac-H3K4me3_TDHAM_BP/samples/Mono1_H3K27ac/S0026A_McGill/problems/chr11:60000-580000,9.88593482425889
H3K27ac-H3K4me3_TDHAM_BP/samples/Mono1_H3K27ac/S0026A_McGill/problems/chr1:206482221-223747846,9.4104378868413
H3K27ac-H3K4me3_TDHAM_BP/samples/Mono1_H3K27ac/S0026A_McGill/problems/chr1:30028082-91800000,9.968247865056178
H3K27ac-H3K4me3_TDHAM_BP/samples/Mono1_H3K27ac/S0026A_NCMLS/problems/chr10:60000-17974675,8.239112953180054
H3K27ac-H3K4me3_TDHAM_BP/samples/Mono1_H3K27ac/S0026A_NCMLS/problems/chr11:55100000-69089801,8.222341743737083
H3K27ac-H3K4me3_TDHAM_BP/samples/Mono1_H3K27ac/S0026A_NCMLS/problems/chr4:10000-1423146,8.406338441729183
H3K27ac-H3K4me3_TDHAM_BP/samples/Mono1_H3K27ac/S0026A_NCMLS/problems/chr4:75452279-190000000,8.420689121131453
H3K27ac-H3K4me3_TDHAM_BP/samples/Mono1_H3K27ac/S0026A_NCMLS/problems/chr8:12141854-43500000,8.011704760848218
H3K27ac-H3K4me3_TDHAM_BP/samples/Mono1_H3K27ac/S00278_NCMLS/problems/chr1:30028082-91800000,8.145423666073874
H3K27ac-H3K4me3_TDHAM_BP/samples/Mono1_H3K27ac/S00278_NCMLS/problems/chr4:10000-1423146,8.486591243082266
H3K27ac-H3K4me3_TDHAM_BP/samples/Mono1_H3K27ac/S00278_NCMLS/problems/chr8:87000000-142766515,7.575668032871349
H3K27ac-H3K4me3_TDHAM_BP/samples/Mono1_H3K27ac/S00294_NCMLS/problems/chr10:51448845-125869472,8.502350952919848
H3K27ac-H3K4me3_TDHAM_BP/samples/Mono1_H3K27ac/S00294_NCMLS/problems/chr3:60000-66170270,8.194938746693431
H3K27ac-H3K4me3_TDHAM_BP/samples/Mono1_H3K27ac/S00294_NCMLS/problems/chr4:75452279-190000000,8.075365907531271
H3K27ac-H3K4me3_TDHAM_BP/samples/Mono1_H3K27ac/S00294_NCMLS/problems/chr8:12141854-43500000,7.8347723774210465
H3K27ac-H3K4me3_TDHAM_BP/samples/Mono2_H3K27ac/S002EV_NCMLS/problems/chr2:162200000-234003741,8.360887845281475
H3K27ac-H3K4me3_TDHAM_BP/samples/Mono2_H3K27ac/S002EV_NCMLS/problems/chr5:49600000-91636128,8.174179937270019
H3K27ac-H3K4me3_TDHAM_BP/samples/Mono2_H3K27ac/S002FT_McGill/problems/chr2:110251337-149690582,9.78356325802661
H3K27ac-H3K4me3_TDHAM_BP/samples/Mono2_H3K27ac/S002FT_NCMLS/problems/chr2:162200000-234003741,9.600240305233363
H3K27ac-H3K4me3_TDHAM_BP/samples/Mono2_H3K27ac/S002KJ_McGill/problems/chr2:110251337-149690582,9.917076808383605
H3K27ac-H3K4me3_TDHAM_BP/samples/Mono2_H3K27ac/S002KJ_McGill/problems/chr2:162200000-234003741,10.253028843396656
H3K27ac-H3K4me3_TDHAM_BP/samples/Mono2_H3K27ac/S002KJ_NCMLS/problems/chr2:162200000-234003741,9.41904730672811
H3K27ac-H3K4me3_TDHAM_BP/samples/Mono2_H3K27ac/S002KJ_NCMLS/problems/chr2:33200000-87000000,8.833572411339766
H3K27ac-H3K4me3_TDHAM_BP/samples/Mono2_H3K27ac/S002MF_NCMLS/problems/chr2:149790582-162100000,8.562648086201712
H3K27ac-H3K4me3_TDHAM_BP/samples/Mono2_H3K27ac/S002MF_NCMLS/problems/chr5:49600000-91636128,8.877232471007183
H3K27ac-H3K4me3_TDHAM_BP/samples/Mono2_H3K27ac/S002XU_NCMLS/problems/chr2:162200000-234003741,9.195598298656058
H3K27ac-H3K4me3_TDHAM_BP/samples/Mono2_H3K27ac/S002XU_NCMLS/problems/chr2:33200000-87000000,9.044160951158595
H3K27ac-H3K4me3_TDHAM_BP/samples/Mono2_H3K27ac/S0031G_NCMLS/problems/chr2:110251337-149690582,9.274807761276513
H3K27ac-H3K4me3_TDHAM_BP/samples/Mono2_H3K27ac/S0031G_NCMLS/problems/chr2:149790582-162100000,8.589590910936693
H3K27ac-H3K4me3_TDHAM_BP/samples/Mono2_H3K27ac/S0031G_NCMLS/problems/chr2:162200000-234003741,9.59800911926478
H3K27ac-H3K4me3_TDHAM_BP/samples/Mono2_H3K27ac/S0032E_NCMLS/problems/chr2:162200000-234003741,10.42596103444145
H3K27ac-H3K4me3_TDHAM_BP/samples/Mono2_H3K27ac/S003AZ_NCMLS/problems/chr2:110251337-149690582,9.478978679372936
H3K27ac-H3K4me3_TDHAM_BP/samples/Mono2_H3K27ac/S003AZ_NCMLS/problems/chr2:33200000-87000000,9.780985806037911
H3K27ac-H3K4me3_TDHAM_BP/samples/Mono2_H3K27ac/S003AZ_NCMLS/problems/chr5:49600000-91636128,9.135927798996654
H3K27ac-H3K4me3_TDHAM_BP/samples/Mono2_H3K27ac/S003JH_NCMLS/problems/chr2:162200000-234003741,8.591917151097896
H3K27ac-H3K4me3_TDHAM_BP/samples/Mono2_H3K27ac/S003JH_NCMLS/problems/chr2:33200000-87000000,8.112051842570033
H3K27ac-H3K4me3_TDHAM_BP/samples/Mono2_H3K27ac/S003KF_NCMLS/problems/chr2:149790582-162100000,8.302018572357674
H3K27ac-H3K4me3_TDHAM_BP/samples/Mono3_H3K27ac/S003R1_NCMLS/problems/chr5:49600000-91636128,8.953948210348223
H3K27ac-H3K4me3_TDHAM_BP/samples/Mono3_H3K27ac/S005N1_NCMLS/problems/chr5:49600000-91636128,8.65950181714313
H3K27ac-H3K4me3_TDHAM_BP/samples/Mono3_H3K27ac/S007F9_NCMLS/problems/chr5:49600000-91636128,8.736434315134268
H3K27ac-H3K4me3_TDHAM_BP/samples/Mono4_H3K27ac/S007VE_NCMLS/problems/chr5:49600000-91636128,8.979507853249068
H3K27ac-H3K4me3_TDHAM_BP/samples/Mono4_H3K27ac/S00DKC_WTSI/problems/chr5:49600000-91636128,7.964488795494383
H3K27ac-H3K4me3_TDHAM_BP/samples/Mono4_H3K27ac/S00E9U_WTSI/problems/chr5:49600000-91636128,8.135714252551999
H3K27ac-H3K4me3_TDHAM_BP/samples/Mono5_H3K27ac/S00GBI_WTSI/problems/chr5:49600000-91636128,9.421359107296688
H3K27ac-H3K4me3_TDHAM_BP/samples/Mono5_H3K27ac/S00GWD_WTSI/problems/chr5:49600000-91636128,8.230832354531366
H3K27ac-H3K4me3_TDHAM_BP/samples/Mono5_H3K27ac/S00J5I_WTSI/problems/chr5:49600000-91636128,8.1510869038841
H3K27ac-H3K4me3_TDHAM_BP/samples/Mono5_H3K27ac/S00J9A_WTSI/problems/chr5:49600000-91636128,10.12074704558173
H3K27ac-H3K4me3_TDHAM_BP/samples/Mono5_H3K27ac/S00JD2_WTSI/problems/chr5:49600000-91636128,8.058156505005591
H3K27ac-H3K4me3_TDHAM_BP/samples/Mono6_H3K27ac/S00JT7_WTSI/problems/chr5:49600000-91636128,8.010391604138015
H3K27ac-H3K4me3_TDHAM_BP/samples/Mono6_H3K27ac/S00JYY_WTSI/problems/chr5:49600000-91636128,8.887883717308576
H3K27ac-H3K4me3_TDHAM_BP/samples/Mono6_H3K27ac/S00KEX_WTSI/problems/chr5:49600000-91636128,8.225331974807794
H3K27ac-H3K4me3_TDHAM_BP/samples/Mono7_H3K27ac/S00P20_WTSI/problems/chr5:49600000-91636128,8.055292748047343
H3K27ac-H3K4me3_TDHAM_BP/samples/Mono7_H3K27ac/S00P4X_WTSI/problems/chr5:49600000-91636128,7.986079500187813
H3K27ac-H3K4me3_TDHAM_BP/samples/Mono8_H3K27ac/S00PVG_WTSI/problems/chr5:49600000-91636128,8.082127454484997
H3K27ac-H3K4me3_TDHAM_BP/samples/Mono8_H3K27ac/S00PWE_WTSI/problems/chr5:49600000-91636128,8.202537061074445
H3K27ac-H3K4me3_TDHAM_BP/samples/Mono8_H3K27ac/S00PYA_WTSI/problems/chr5:49600000-91636128,8.117545213433608
H3K27ac-H3K4me3_TDHAM_BP/samples/Mono8_H3K27ac/S00Q00_WTSI/problems/chr5:49600000-91636128,10.368290773201302
H3K27ac-H3K4me3_TDHAM_BP/samples/Mono9_H3K27ac/S00QWA_WTSI/problems/chr5:49600000-91636128,8.174210394729322
H3K27ac-H3K4me3_TDHAM_BP/samples/Mono9_H3K27ac/S00RC9_WTSI/problems/chr5:49600000-91636128,8.5187087999984
H3K27ac-H3K4me3_TDHAM_BP/samples/nTC10_H3K27ac/S00RMQ_McGill/problems/chr5:49600000-91636128,9.619727967265227
H3K27ac-H3K4me3_TDHAM_BP/samples/nTC10_H3K27ac/S00S2P_McGill/problems/chr5:49600000-91636128,8.815057081409186
H3K27ac-H3K4me3_TDHAM_BP/samples/nTC10_H3K27ac/S00T4H_McGill/problems/chr5:49600000-91636128,9.817246932014292
H3K27ac-H3K4me3_TDHAM_BP/samples/nTC11_H3K27ac/S00V65_McGill/problems/chr5:49600000-91636128,9.18457950249519
H3K27ac-H3K4me3_TDHAM_BP/samples/nTC11_H3K27ac/S00VGM_McGill/problems/chr5:49600000-91636128,9.209544252212076
H3K27ac-H3K4me3_TDHAM_BP/samples/nTC12_H3K27ac/S00XHC_McGill/problems/chr5:49600000-91636128,8.442007293362785
H3K27ac-H3K4me3_TDHAM_BP/samples/nTC12_H3K27ac/S00YEE_McGill/problems/chr5:49600000-91636128,9.273507137474503
H3K27ac-H3K4me3_TDHAM_BP/samples/nTC13_H3K27ac/S0130A_McGill/problems/chr5:49600000-91636128,9.445537643727086
H3K27ac-H3K4me3_TDHAM_BP/samples/nTC14_H3K27ac/S011DT_McGill/problems/chr5:49600000-91636128,8.949537765577155
H3K27ac-H3K4me3_TDHAM_BP/samples/nTC14_H3K27ac/S011ER_McGill/problems/chr5:49600000-91636128,8.548568054524914
H3K27ac-H3K4me3_TDHAM_BP/samples/nTC1_H3K27ac/S000GZ_McGill/problems/chr8:12141854-43500000,9.73079382562171
H3K27ac-H3K4me3_TDHAM_BP/samples/nTC1_H3K27ac/S000X1_McGill/problems/chr11:55100000-69089801,9.496485202907117
H3K27ac-H3K4me3_TDHAM_BP/samples/nTC1_H3K27ac/S0010Q_McGill/problems/chr5:49600000-91636128,8.829040443085667
H3K27ac-H3K4me3_TDHAM_BP/samples/nTC1_H3K27ac/S0012M_McGill/problems/chr11:55100000-69089801,9.107560197228928
H3K27ac-H3K4me3_TDHAM_BP/samples/nTC1_H3K27ac/S0012M_McGill/problems/chr4:52660117-59739333,8.908426932659573
H3K27ac-H3K4me3_TDHAM_BP/samples/nTC1_H3K27ac/S0012M_McGill/problems/chr8:12141854-43500000,9.098559014668432
H3K27ac-H3K4me3_TDHAM_BP/samples/nTC1_H3K27ac/S001C2_McGill/problems/chr5:49600000-91636128,9.411527469559239
H3K27ac-H3K4me3_TDHAM_BP/samples/nTC1_H3K27ac/S001GV_McGill/problems/chr11:55100000-69089801,8.936607271943252
H3K27ac-H3K4me3_TDHAM_BP/samples/nTC1_H3K27ac/S001NH_McGill/problems/chr11:55100000-69089801,9.544816630858385
H3K27ac-H3K4me3_TDHAM_BP/samples/nTC1_H3K27ac/S001NH_McGill/problems/chr8:12141854-43500000,9.936508036013855
H3K27ac-H3K4me3_TDHAM_BP/samples/nTC1_H3K27ac/S001T5_McGill/problems/chr5:49600000-91636128,9.751391766851533
H3K27ac-H3K4me3_TDHAM_BP/samples/nTC2_H3K27ac/S002EV_McGill/problems/chr5:49600000-91636128,9.716159657591682
H3K27ac-H3K4me3_TDHAM_BP/samples/nTC2_H3K27ac/S002FT_McGill/problems/chr5:49600000-91636128,10.009622353084488
H3K27ac-H3K4me3_TDHAM_BP/samples/nTC2_H3K27ac/S002WW_McGill/problems/chr5:49600000-91636128,9.357731988045394
H3K27ac-H3K4me3_TDHAM_BP/samples/nTC2_H3K27ac/S0032E_McGill/problems/chr5:49600000-91636128,8.773656209519324
H3K27ac-H3K4me3_TDHAM_BP/samples/nTC2_H3K27ac/S003AZ_McGill/problems/chr5:49600000-91636128,8.544707319325532
H3K27ac-H3K4me3_TDHAM_BP/samples/nTC2_H3K27ac/S003JH_McGill/problems/chr5:49600000-91636128,9.017532969773576
H3K27ac-H3K4me3_TDHAM_BP/samples/nTC2_H3K27ac/S003P5_McGill/problems/chr5:49600000-91636128,9.680435179742226
H3K27ac-H3K4me3_TDHAM_BP/samples/nTC3_H3K27ac/S007CF_McGill/problems/chr5:49600000-91636128,9.661122227184627
H3K27ac-H3K4me3_TDHAM_BP/samples/nTC3_H3K27ac/S007F9_McGill/problems/chr5:49600000-91636128,9.428738361814219
H3K27ac-H3K4me3_TDHAM_BP/samples/nTC4_H3K27ac/S00DKC_McGill/problems/chr5:49600000-91636128,8.56665534195286
H3K27ac-H3K4me3_TDHAM_BP/samples/nTC4_H3K27ac/S00E9U_McGill/problems/chr5:49600000-91636128,9.47354979633942
H3K27ac-H3K4me3_TDHAM_BP/samples/nTC4_H3K27ac/S00FK4_McGill/problems/chr5:49600000-91636128,9.10496325763264
H3K27ac-H3K4me3_TDHAM_BP/samples/nTC4_H3K27ac/S00FPV_McGill/problems/chr5:49600000-91636128,8.641743465452628
H3K27ac-H3K4me3_TDHAM_BP/samples/nTC4_H3K27ac/S00FVJ_McGill/problems/chr5:49600000-91636128,9.788392664658154
H3K27ac-H3K4me3_TDHAM_BP/samples/nTC5_H3K27ac/S00G7Q_McGill/problems/chr5:49600000-91636128,8.62918029779609
H3K27ac-H3K4me3_TDHAM_BP/samples/nTC5_H3K27ac/S00G9M_McGill/problems/chr5:49600000-91636128,9.054982372145126
H3K27ac-H3K4me3_TDHAM_BP/samples/nTC5_H3K27ac/S00GBI_McGill/problems/chr5:49600000-91636128,9.308038954466916
H3K27ac-H3K4me3_TDHAM_BP/samples/nTC5_H3K27ac/S00GEC_McGill/problems/chr5:49600000-91636128,9.175354648114826
H3K27ac-H3K4me3_TDHAM_BP/samples/nTC6_H3K27ac/S00JV3_McGill/problems/chr5:49600000-91636128,8.959292911932543
H3K27ac-H3K4me3_TDHAM_BP/samples/nTC6_H3K27ac/S00KHR_McGill/problems/chr5:49600000-91636128,8.704689156172627
H3K27ac-H3K4me3_TDHAM_BP/samples/nTC6_H3K27ac/S00M48_McGill/problems/chr5:49600000-91636128,9.041596201641873
H3K27ac-H3K4me3_TDHAM_BP/samples/nTC7_H3K27ac/S00MBV_McGill/problems/chr5:49600000-91636128,8.984375389390301
H3K27ac-H3K4me3_TDHAM_BP/samples/nTC7_H3K27ac/S00N36_McGill/problems/chr5:49600000-91636128,9.539729118187886
H3K27ac-H3K4me3_TDHAM_BP/samples/nTC8_H3K27ac/S00P8P_McGill/problems/chr5:49600000-91636128,9.144580243214811
H3K27ac-H3K4me3_TDHAM_BP/samples/nTC8_H3K27ac/S00PDF_McGill/problems/chr5:49600000-91636128,8.606200330853447
H3K27ac-H3K4me3_TDHAM_BP/samples/nTC8_H3K27ac/S00PK1_McGill/problems/chr5:49600000-91636128,9.186570382658225
H3K27ac-H3K4me3_TDHAM_BP/samples/nTC8_H3K27ac/S00Q00_McGill/problems/chr5:49600000-91636128,9.649237802756225
H3K27ac-H3K4me3_TDHAM_BP/samples/nTC8_H3K27ac/S00Q4T_McGill/problems/chr5:49600000-91636128,8.819605254211844
H3K27ac-H3K4me3_TDHAM_BP/samples/nTC9_H3K27ac/S00QQM_McGill/problems/chr5:49600000-91636128,9.715717055939727
H3K27ac-H3K4me3_TDHAM_BP/samples/nTC9_H3K27ac/S00QTG_McGill/problems/chr5:49600000-91636128,9.086000652381308
H3K27ac-H3K4me3_TDHAM_BP/samples/nTC9_H3K27ac/S00R1V_McGill/problems/chr5:49600000-91636128,9.497181498476714
H3K27ac-H3K4me3_TDHAM_BP/samples/nTC9_H3K27ac/S00RAD_McGill/problems/chr5:49600000-91636128,9.176897577551038
H3K27ac-H3K4me3_TDHAM_BP/samples/nTC9_H3K27ac/S00RC9_McGill/problems/chr5:49600000-91636128,9.04792013211273
