sequenceID,fold
1_chr1,short
1_chr11,short
1_chr17,short
1_chr2,short
1_chr3,short
1_chr4,short
10_chr1,short
10_chr11,short
10_chr17,short
10_chr2,short
10_chr3,short
10_chr4,short
100_chr1,short
100_chr11,short
100_chr17,short
100_chr2,short
100_chr3,short
100_chr4,short
101_chr1,short
101_chr11,short
101_chr17,short
101_chr2,short
101_chr3,short
101_chr4,short
102_chr1,short
102_chr11,short
102_chr17,short
102_chr2,short
102_chr3,short
102_chr4,short
103_chr1,short
103_chr11,short
103_chr17,short
103_chr2,short
103_chr3,short
103_chr4,short
104_chr1,short
104_chr11,short
104_chr17,short
104_chr2,short
104_chr3,short
104_chr4,short
105_chr1,short
105_chr11,short
105_chr17,short
105_chr2,short
105_chr3,short
105_chr4,short
106_chr1,short
106_chr11,short
106_chr17,short
106_chr2,short
106_chr3,short
106_chr4,short
107_chr1,short
107_chr11,short
107_chr17,short
107_chr2,short
107_chr3,short
107_chr4,short
108_chr1,short
108_chr11,short
108_chr17,short
108_chr2,short
108_chr3,short
108_chr4,short
109_chr1,short
109_chr11,short
109_chr17,short
109_chr2,short
109_chr3,short
109_chr4,short
11_chr1,short
11_chr11,short
11_chr17,short
11_chr2,short
11_chr3,short
11_chr4,short
110_chr1,short
110_chr11,short
110_chr17,short
110_chr2,short
110_chr3,short
110_chr4,short
111_chr1,short
111_chr11,short
111_chr17,short
111_chr2,short
111_chr3,short
111_chr4,short
112_chr1,short
112_chr11,short
112_chr17,short
112_chr2,short
112_chr3,short
112_chr4,short
113_chr1,short
113_chr11,short
113_chr17,short
113_chr2,short
113_chr3,short
113_chr4,short
114_chr1,short
114_chr11,short
114_chr17,short
114_chr2,short
114_chr3,short
114_chr4,short
115_chr1,short
115_chr11,short
115_chr17,short
115_chr2,short
115_chr3,short
115_chr4,short
116_chr1,short
116_chr11,short
116_chr17,short
116_chr2,short
116_chr3,short
116_chr4,short
117_chr1,short
117_chr11,short
117_chr17,short
117_chr2,short
117_chr3,short
117_chr4,short
118_chr1,short
118_chr11,short
118_chr17,short
118_chr3,short
118_chr4,short
119_chr1,short
119_chr11,short
119_chr17,short
119_chr2,short
119_chr3,short
119_chr4,short
12_chr1,short
12_chr11,short
12_chr17,short
12_chr2,short
12_chr3,short
12_chr4,short
120_chr1,short
120_chr11,short
120_chr17,short
120_chr2,short
120_chr3,short
120_chr4,short
121_chr1,short
121_chr11,short
121_chr17,short
121_chr2,short
121_chr3,short
121_chr4,short
122_chr1,short
122_chr11,short
122_chr17,short
122_chr2,short
122_chr3,short
122_chr4,short
123_chr1,short
123_chr11,short
123_chr17,short
123_chr2,short
123_chr3,short
123_chr4,short
124_chr1,short
124_chr11,short
124_chr17,short
124_chr2,short
124_chr3,short
124_chr4,short
125_chr1,short
125_chr11,short
125_chr17,short
125_chr2,short
125_chr3,short
125_chr4,short
126_chr1,short
126_chr11,short
126_chr17,short
126_chr2,short
126_chr3,short
126_chr4,short
127_chr1,short
127_chr11,short
127_chr17,short
127_chr2,short
127_chr3,short
127_chr4,short
128_chr1,short
128_chr11,short
128_chr17,short
128_chr2,short
128_chr3,short
128_chr4,short
129_chr1,short
129_chr11,short
129_chr17,short
129_chr2,short
129_chr3,short
129_chr4,short
13_chr1,short
13_chr11,short
13_chr17,short
13_chr2,short
13_chr3,short
13_chr4,short
130_chr1,short
130_chr11,short
130_chr17,short
130_chr2,short
130_chr3,short
130_chr4,short
131_chr1,short
131_chr11,short
131_chr17,short
131_chr2,short
131_chr3,short
131_chr4,short
132_chr1,short
132_chr11,short
132_chr17,short
132_chr2,short
132_chr3,short
132_chr4,short
133_chr1,short
133_chr11,short
133_chr2,short
133_chr3,short
133_chr4,short
134_chr1,short
134_chr11,short
134_chr17,short
134_chr2,short
134_chr3,short
134_chr4,short
135_chr1,short
135_chr11,short
135_chr17,short
135_chr2,short
135_chr3,short
135_chr4,short
136_chr1,short
136_chr11,short
136_chr17,short
136_chr2,short
136_chr3,short
136_chr4,short
137_chr1,short
137_chr11,short
137_chr17,short
137_chr2,short
137_chr3,short
137_chr4,short
138_chr1,short
138_chr11,short
138_chr17,short
138_chr2,short
138_chr3,short
138_chr4,short
139_chr1,short
139_chr11,short
139_chr17,short
139_chr2,short
139_chr3,short
139_chr4,short
14_chr11,short
14_chr17,short
14_chr2,short
14_chr3,short
14_chr4,short
140_chr1,short
140_chr11,short
140_chr17,short
140_chr2,short
140_chr3,short
140_chr4,short
141_chr1,short
141_chr11,short
141_chr17,short
141_chr2,short
141_chr3,short
141_chr4,short
142_chr1,short
142_chr11,short
142_chr17,short
142_chr2,short
142_chr3,short
142_chr4,short
143_chr1,short
143_chr11,short
143_chr17,short
143_chr2,short
143_chr3,short
143_chr4,short
144_chr1,short
144_chr11,short
144_chr17,short
144_chr2,short
144_chr3,short
144_chr4,short
145_chr1,short
145_chr11,short
145_chr17,short
145_chr2,short
145_chr3,short
145_chr4,short
146_chr1,short
146_chr11,short
146_chr17,short
146_chr2,short
146_chr3,short
146_chr4,short
147_chr11,short
147_chr17,short
147_chr2,short
147_chr3,short
147_chr4,short
148_chr1,short
148_chr11,short
148_chr17,short
148_chr2,short
148_chr3,short
148_chr4,short
149_chr1,short
149_chr11,short
149_chr17,short
149_chr2,short
149_chr3,short
149_chr4,short
15_chr1,short
15_chr11,short
15_chr17,short
15_chr2,short
15_chr3,short
15_chr4,short
150_chr1,short
150_chr11,short
150_chr17,short
150_chr2,short
150_chr3,short
150_chr4,short
151_chr1,short
151_chr11,short
151_chr17,short
151_chr2,short
151_chr3,short
151_chr4,short
152_chr1,short
152_chr11,short
152_chr17,short
152_chr2,short
152_chr3,short
152_chr4,short
153_chr1,short
153_chr11,short
153_chr17,short
153_chr2,short
153_chr3,short
153_chr4,short
154_chr1,short
154_chr11,short
154_chr17,short
154_chr2,short
154_chr3,short
154_chr4,short
155_chr1,short
155_chr11,short
155_chr17,short
155_chr2,short
155_chr3,short
155_chr4,short
156_chr1,short
156_chr11,short
156_chr17,short
156_chr2,short
156_chr3,short
156_chr4,short
157_chr1,short
157_chr11,short
157_chr17,short
157_chr2,short
157_chr3,short
157_chr4,short
158_chr1,short
158_chr11,short
158_chr17,short
158_chr2,short
158_chr3,short
158_chr4,short
159_chr1,short
159_chr11,short
159_chr17,short
159_chr2,short
159_chr3,short
159_chr4,short
16_chr1,short
16_chr11,short
16_chr17,short
16_chr2,short
16_chr3,short
16_chr4,short
160_chr1,short
160_chr11,short
160_chr17,short
160_chr2,short
160_chr3,short
160_chr4,short
161_chr1,short
161_chr17,short
161_chr2,short
161_chr3,short
161_chr4,short
162_chr1,short
162_chr11,short
162_chr17,short
162_chr2,short
162_chr3,short
162_chr4,short
163_chr1,short
163_chr11,short
163_chr17,short
163_chr2,short
163_chr3,short
163_chr4,short
164_chr1,short
164_chr11,short
164_chr17,short
164_chr2,short
164_chr3,short
164_chr4,short
165_chr1,short
165_chr11,short
165_chr17,short
165_chr2,short
165_chr3,short
165_chr4,short
166_chr1,short
166_chr11,short
166_chr17,short
166_chr2,short
166_chr3,short
166_chr4,short
167_chr1,short
167_chr11,short
167_chr17,short
167_chr2,short
167_chr3,short
167_chr4,short
168_chr1,short
168_chr11,short
168_chr17,short
168_chr2,short
168_chr3,short
168_chr4,short
169_chr1,short
169_chr11,short
169_chr17,short
169_chr2,short
169_chr3,short
169_chr4,short
17_chr1,short
17_chr11,short
17_chr17,short
17_chr2,short
17_chr3,short
17_chr4,short
170_chr1,short
170_chr11,short
170_chr17,short
170_chr2,short
170_chr3,short
170_chr4,short
171_chr1,short
171_chr11,short
171_chr17,short
171_chr2,short
171_chr3,short
171_chr4,short
172_chr1,short
172_chr11,short
172_chr17,short
172_chr2,short
172_chr3,short
172_chr4,short
173_chr1,short
173_chr11,short
173_chr17,short
173_chr2,short
173_chr3,short
173_chr4,short
175_chr1,short
175_chr11,short
175_chr17,short
175_chr2,short
175_chr3,short
175_chr4,short
176_chr1,short
176_chr11,short
176_chr17,short
176_chr2,short
176_chr3,short
176_chr4,short
177_chr1,short
177_chr11,short
177_chr17,short
177_chr2,short
177_chr3,short
177_chr4,short
178_chr1,short
178_chr11,short
178_chr17,short
178_chr2,short
178_chr3,short
178_chr4,short
18_chr1,short
18_chr11,short
18_chr17,short
18_chr2,short
18_chr3,short
18_chr4,short
180_chr1,short
180_chr11,short
180_chr17,short
180_chr2,short
180_chr3,short
180_chr4,short
181_chr11,short
181_chr17,short
181_chr2,short
181_chr3,short
181_chr4,short
182_chr1,short
182_chr11,short
182_chr17,short
182_chr2,short
182_chr3,short
183_chr1,short
183_chr11,short
183_chr17,short
183_chr2,short
183_chr3,short
183_chr4,short
184_chr1,short
184_chr11,short
184_chr17,short
184_chr2,short
184_chr3,short
184_chr4,short
185_chr1,short
185_chr11,short
185_chr17,short
185_chr2,short
185_chr3,short
185_chr4,short
186_chr1,short
186_chr11,short
186_chr17,short
186_chr2,short
186_chr3,short
186_chr4,short
187_chr1,short
187_chr11,short
187_chr17,short
187_chr2,short
187_chr3,short
187_chr4,short
188_chr1,short
188_chr11,short
188_chr2,short
188_chr3,short
188_chr4,short
189_chr1,short
189_chr11,short
189_chr17,short
189_chr2,short
189_chr3,short
189_chr4,short
19_chr1,short
19_chr11,short
19_chr17,short
19_chr2,short
19_chr3,short
19_chr4,short
190_chr1,short
190_chr11,short
190_chr17,short
190_chr2,short
190_chr3,short
190_chr4,short
191_chr1,short
191_chr11,short
191_chr17,short
191_chr2,short
191_chr3,short
191_chr4,short
192_chr1,short
192_chr11,short
192_chr17,short
192_chr2,short
192_chr3,short
192_chr4,short
193_chr1,short
193_chr11,short
193_chr17,short
193_chr2,short
193_chr3,short
193_chr4,short
194_chr1,short
194_chr11,short
194_chr17,short
194_chr2,short
194_chr3,short
194_chr4,short
195_chr1,short
195_chr11,short
195_chr17,short
195_chr2,short
195_chr3,short
195_chr4,short
196_chr1,short
196_chr11,short
196_chr17,short
196_chr2,short
196_chr3,short
196_chr4,short
197_chr1,short
197_chr11,short
197_chr17,short
197_chr2,short
197_chr3,short
197_chr4,short
198_chr1,short
198_chr11,short
198_chr17,short
198_chr2,short
198_chr3,short
198_chr4,short
199_chr1,short
199_chr11,short
199_chr17,short
199_chr2,short
199_chr3,short
199_chr4,short
2_chr1,short
2_chr11,short
2_chr17,short
2_chr2,short
2_chr3,short
2_chr4,short
20_chr1,short
20_chr11,short
20_chr17,short
20_chr2,short
20_chr3,short
20_chr4,short
200_chr1,short
200_chr11,short
200_chr17,short
200_chr2,short
200_chr3,short
200_chr4,short
201_chr1,short
201_chr11,short
201_chr17,short
201_chr2,short
201_chr3,short
201_chr4,short
202_chr1,short
202_chr11,short
202_chr17,short
202_chr2,short
202_chr3,short
202_chr4,short
203_chr1,short
203_chr11,short
203_chr17,short
203_chr2,short
203_chr3,short
203_chr4,short
204_chr1,short
204_chr11,short
204_chr17,short
204_chr2,short
204_chr3,short
204_chr4,short
205_chr1,short
205_chr11,short
205_chr17,short
205_chr2,short
205_chr3,short
205_chr4,short
206_chr1,short
206_chr11,short
206_chr17,short
206_chr2,short
206_chr3,short
206_chr4,short
207_chr1,short
207_chr11,short
207_chr17,short
207_chr2,short
207_chr3,short
208_chr1,short
208_chr11,short
208_chr17,short
208_chr2,short
208_chr3,short
208_chr4,short
209_chr1,short
209_chr11,short
209_chr17,short
209_chr2,short
209_chr3,short
209_chr4,short
21_chr1,short
21_chr11,short
21_chr17,short
21_chr2,short
21_chr3,short
21_chr4,short
210_chr1,short
210_chr11,short
210_chr17,short
210_chr2,short
210_chr3,short
210_chr4,short
211_chr1,short
211_chr11,short
211_chr2,short
211_chr3,short
211_chr4,short
212_chr1,short
212_chr11,short
212_chr17,short
212_chr2,short
212_chr3,short
212_chr4,short
213_chr1,short
213_chr11,short
213_chr17,short
213_chr2,short
213_chr3,short
213_chr4,short
214_chr1,short
214_chr11,short
214_chr17,short
214_chr2,short
214_chr3,short
214_chr4,short
215_chr1,short
215_chr11,short
215_chr17,short
215_chr2,short
215_chr3,short
215_chr4,short
216_chr1,short
216_chr11,short
216_chr17,short
216_chr2,short
216_chr3,short
216_chr4,short
217_chr1,short
217_chr11,short
217_chr17,short
217_chr2,short
217_chr3,short
217_chr4,short
218_chr1,short
218_chr11,short
218_chr17,short
218_chr2,short
218_chr3,short
218_chr4,short
219_chr1,short
219_chr11,short
219_chr17,short
219_chr2,short
219_chr3,short
219_chr4,short
22_chr1,short
22_chr11,short
22_chr17,short
22_chr2,short
22_chr3,short
22_chr4,short
220_chr1,short
220_chr11,short
220_chr17,short
220_chr2,short
220_chr3,short
220_chr4,short
221_chr1,short
221_chr11,short
221_chr17,short
221_chr2,short
221_chr3,short
221_chr4,short
222_chr1,short
222_chr11,short
222_chr17,short
222_chr2,short
222_chr3,short
222_chr4,short
223_chr1,short
223_chr11,short
223_chr17,short
223_chr2,short
223_chr3,short
223_chr4,short
224_chr1,short
224_chr11,short
224_chr17,short
224_chr2,short
224_chr3,short
224_chr4,short
225_chr1,short
225_chr11,short
225_chr17,short
225_chr2,short
225_chr3,short
225_chr4,short
226_chr1,short
226_chr11,short
226_chr17,short
226_chr2,short
226_chr3,short
226_chr4,short
227_chr1,short
227_chr11,short
227_chr17,short
227_chr2,short
227_chr3,short
227_chr4,short
228_chr1,short
228_chr11,short
228_chr17,short
228_chr2,short
228_chr3,short
228_chr4,short
229_chr1,long
229_chr11,long
229_chr17,long
229_chr2,long
229_chr3,long
229_chr4,long
23_chr1,short
23_chr11,short
23_chr17,short
23_chr2,short
23_chr3,short
23_chr4,short
230_chr1,short
230_chr11,short
230_chr17,short
230_chr2,short
230_chr3,short
230_chr4,short
231_chr1,short
231_chr11,short
231_chr17,short
231_chr2,short
231_chr3,short
231_chr4,short
232_chr1,short
232_chr11,short
232_chr17,short
232_chr2,short
232_chr3,short
232_chr4,short
233_chr1,short
233_chr11,short
233_chr17,short
233_chr2,short
233_chr3,short
233_chr4,short
234_chr1,short
234_chr11,short
234_chr17,short
234_chr2,short
234_chr3,short
234_chr4,short
235_chr1,short
235_chr11,short
235_chr17,short
235_chr2,short
235_chr3,short
235_chr4,short
236_chr1,short
236_chr11,short
236_chr17,short
236_chr2,short
236_chr3,short
236_chr4,short
237_chr1,short
237_chr11,short
237_chr17,short
237_chr2,short
237_chr3,short
237_chr4,short
238_chr1,short
238_chr11,short
238_chr17,short
238_chr2,short
238_chr3,short
238_chr4,short
239_chr1,short
239_chr11,short
239_chr17,short
239_chr2,short
239_chr3,short
239_chr4,short
24_chr1,short
24_chr11,short
24_chr17,short
24_chr2,short
24_chr3,short
24_chr4,short
240_chr1,short
240_chr11,short
240_chr17,short
240_chr2,short
240_chr3,short
240_chr4,short
241_chr1,short
241_chr11,short
241_chr17,short
241_chr2,short
241_chr3,short
241_chr4,short
242_chr1,short
242_chr11,short
242_chr17,short
242_chr2,short
242_chr3,short
242_chr4,short
243_chr1,short
243_chr11,short
243_chr17,short
243_chr2,short
243_chr3,short
243_chr4,short
244_chr1,short
244_chr11,short
244_chr17,short
244_chr2,short
244_chr3,short
244_chr4,short
245_chr1,short
245_chr11,short
245_chr17,short
245_chr2,short
245_chr3,short
245_chr4,short
246_chr1,short
246_chr11,short
246_chr17,short
246_chr2,short
246_chr3,short
246_chr4,short
247_chr11,short
247_chr17,short
247_chr2,short
247_chr3,short
247_chr4,short
248_chr1,short
248_chr11,short
248_chr17,short
248_chr2,short
248_chr3,short
248_chr4,short
249_chr1,short
249_chr11,short
249_chr17,short
249_chr2,short
249_chr3,short
249_chr4,short
25_chr1,short
25_chr11,short
25_chr2,short
25_chr3,short
25_chr4,short
251_chr1,short
251_chr11,short
251_chr17,short
251_chr2,short
251_chr3,short
251_chr4,short
252_chr1,short
252_chr11,short
252_chr17,short
252_chr2,short
252_chr3,short
252_chr4,short
253_chr1,short
253_chr11,short
253_chr17,short
253_chr2,short
253_chr3,short
253_chr4,short
254_chr1,short
254_chr11,short
254_chr17,short
254_chr2,short
254_chr3,short
254_chr4,short
255_chr1,short
255_chr11,short
255_chr17,short
255_chr2,short
255_chr3,short
255_chr4,short
256_chr1,short
256_chr11,short
256_chr17,short
256_chr2,short
256_chr3,short
256_chr4,short
257_chr1,short
257_chr11,short
257_chr17,short
257_chr2,short
257_chr3,short
257_chr4,short
258_chr1,short
258_chr11,short
258_chr17,short
258_chr2,short
258_chr3,short
258_chr4,short
259_chr1,short
259_chr11,short
259_chr17,short
259_chr2,short
259_chr3,short
259_chr4,short
26_chr1,short
26_chr11,short
26_chr17,short
26_chr2,short
26_chr3,short
26_chr4,short
260_chr1,short
260_chr11,short
260_chr17,short
260_chr2,short
260_chr3,short
260_chr4,short
261_chr1,short
261_chr11,short
261_chr17,short
261_chr2,short
261_chr3,short
261_chr4,short
262_chr1,short
262_chr11,short
262_chr17,short
262_chr2,short
262_chr3,short
262_chr4,short
263_chr1,short
263_chr11,short
263_chr17,short
263_chr2,short
263_chr3,short
263_chr4,short
264_chr11,short
264_chr17,short
264_chr2,short
264_chr3,short
264_chr4,short
265_chr1,short
265_chr11,short
265_chr17,short
265_chr2,short
265_chr3,short
265_chr4,short
266_chr1,short
266_chr11,short
266_chr17,short
266_chr2,short
266_chr3,short
266_chr4,short
267_chr1,short
267_chr11,short
267_chr2,short
267_chr3,short
267_chr4,short
268_chr1,short
268_chr11,short
268_chr17,short
268_chr2,short
268_chr3,short
268_chr4,short
269_chr1,short
269_chr11,short
269_chr17,short
269_chr2,short
269_chr3,short
269_chr4,short
27_chr1,short
27_chr11,short
27_chr17,short
27_chr2,short
27_chr3,short
27_chr4,short
270_chr1,short
270_chr11,short
270_chr17,short
270_chr2,short
270_chr3,short
270_chr4,short
271_chr1,short
271_chr11,short
271_chr17,short
271_chr2,short
271_chr3,short
271_chr4,short
272_chr1,short
272_chr11,short
272_chr17,short
272_chr2,short
272_chr3,short
272_chr4,short
273_chr1,short
273_chr11,short
273_chr17,short
273_chr2,short
273_chr3,short
273_chr4,short
274_chr1,short
274_chr11,short
274_chr17,short
274_chr2,short
274_chr3,short
274_chr4,short
275_chr1,short
275_chr11,short
275_chr17,short
275_chr2,short
275_chr3,short
275_chr4,short
276_chr1,short
276_chr11,short
276_chr17,short
276_chr2,short
276_chr3,short
276_chr4,short
277_chr1,short
277_chr11,short
277_chr17,short
277_chr2,short
277_chr3,short
277_chr4,short
278_chr1,short
278_chr11,short
278_chr17,short
278_chr2,short
278_chr3,short
278_chr4,short
279_chr1,short
279_chr11,short
279_chr17,short
279_chr2,short
279_chr3,short
279_chr4,short
28_chr1,short
28_chr11,short
28_chr17,short
28_chr2,short
28_chr3,short
28_chr4,short
281_chr1,short
281_chr11,short
281_chr2,short
281_chr3,short
281_chr4,short
282_chr1,short
282_chr11,short
282_chr17,short
282_chr2,short
282_chr3,short
282_chr4,short
283_chr1,short
283_chr11,short
283_chr17,short
283_chr2,short
283_chr3,short
283_chr4,short
284_chr1,short
284_chr11,short
284_chr17,short
284_chr2,short
284_chr3,short
284_chr4,short
285_chr1,short
285_chr11,short
285_chr17,short
285_chr2,short
285_chr3,short
285_chr4,short
286_chr1,short
286_chr11,short
286_chr17,short
286_chr2,short
286_chr3,short
286_chr4,short
287_chr1,short
287_chr11,short
287_chr2,short
287_chr3,short
288_chr1,short
288_chr11,short
288_chr17,short
288_chr2,short
288_chr3,short
288_chr4,short
289_chr1,short
289_chr11,short
289_chr17,short
289_chr2,short
289_chr3,short
289_chr4,short
29_chr1,short
29_chr11,short
29_chr17,short
29_chr2,short
29_chr3,short
29_chr4,short
290_chr1,short
290_chr11,short
290_chr2,short
290_chr3,short
290_chr4,short
291_chr1,short
291_chr11,short
291_chr17,short
291_chr2,short
291_chr3,short
291_chr4,short
294_chr1,short
294_chr11,short
294_chr17,short
294_chr2,short
294_chr3,short
294_chr4,short
295_chr1,short
295_chr11,short
295_chr17,short
295_chr2,short
295_chr3,short
295_chr4,short
296_chr1,short
296_chr11,short
296_chr17,short
296_chr2,short
296_chr3,short
296_chr4,short
297_chr1,short
297_chr11,short
297_chr17,short
297_chr2,short
297_chr3,short
297_chr4,short
298_chr1,short
298_chr11,short
298_chr17,short
298_chr2,short
298_chr3,short
298_chr4,short
299_chr1,short
299_chr11,short
299_chr17,short
299_chr2,short
299_chr3,short
299_chr4,short
30_chr1,short
30_chr11,short
30_chr17,short
30_chr2,short
30_chr3,short
30_chr4,short
300_chr1,short
300_chr11,short
300_chr17,short
300_chr2,short
300_chr3,short
300_chr4,short
301_chr1,short
301_chr11,short
301_chr17,short
301_chr2,short
301_chr3,short
301_chr4,short
302_chr1,short
302_chr11,short
302_chr17,short
302_chr2,short
302_chr3,short
304_chr1,short
304_chr11,short
304_chr17,short
304_chr2,short
304_chr3,short
304_chr4,short
305_chr1,short
305_chr11,short
305_chr17,short
305_chr2,short
305_chr3,short
305_chr4,short
306_chr1,short
306_chr11,short
306_chr2,short
306_chr3,short
306_chr4,short
307_chr1,short
307_chr11,short
307_chr17,short
307_chr2,short
307_chr3,short
307_chr4,short
308_chr1,short
308_chr11,short
308_chr17,short
308_chr2,short
308_chr3,short
308_chr4,short
309_chr1,short
309_chr11,short
309_chr17,short
309_chr2,short
309_chr3,short
309_chr4,short
31_chr1,short
31_chr11,short
31_chr17,short
31_chr2,short
31_chr3,short
31_chr4,short
310_chr1,short
310_chr11,short
310_chr17,short
310_chr2,short
310_chr3,short
310_chr4,short
311_chr1,short
311_chr11,short
311_chr17,short
311_chr2,short
311_chr3,short
311_chr4,short
312_chr11,short
312_chr17,short
312_chr2,short
312_chr3,short
312_chr4,short
313_chr1,short
313_chr11,short
313_chr17,short
313_chr2,short
313_chr3,short
313_chr4,short
314_chr1,short
314_chr11,short
314_chr17,short
314_chr2,short
314_chr3,short
314_chr4,short
315_chr1,short
315_chr11,short
315_chr17,short
315_chr2,short
315_chr3,short
315_chr4,short
316_chr1,short
316_chr11,short
316_chr17,short
316_chr2,short
316_chr3,short
316_chr4,short
317_chr1,short
317_chr11,short
317_chr17,short
317_chr2,short
317_chr3,short
317_chr4,short
318_chr1,short
318_chr11,short
318_chr17,short
318_chr2,short
318_chr3,short
318_chr4,short
319_chr1,short
319_chr11,short
319_chr17,short
319_chr2,short
319_chr3,short
319_chr4,short
32_chr1,short
32_chr11,short
32_chr17,short
32_chr2,short
32_chr3,short
32_chr4,short
320_chr1,short
320_chr11,short
320_chr17,short
320_chr2,short
320_chr3,short
320_chr4,short
321_chr1,short
321_chr11,short
321_chr17,short
321_chr2,short
321_chr3,short
321_chr4,short
322_chr1,short
322_chr11,short
322_chr17,short
322_chr2,short
322_chr3,short
322_chr4,short
323_chr1,short
323_chr11,short
323_chr17,short
323_chr2,short
323_chr3,short
323_chr4,short
324_chr1,short
324_chr11,short
324_chr17,short
324_chr2,short
324_chr3,short
324_chr4,short
325_chr1,short
325_chr11,short
325_chr17,short
325_chr2,short
325_chr3,short
325_chr4,short
326_chr1,short
326_chr11,short
326_chr17,short
326_chr2,short
326_chr3,short
326_chr4,short
327_chr1,short
327_chr11,short
327_chr17,short
327_chr2,short
327_chr3,short
327_chr4,short
328_chr1,short
328_chr11,short
328_chr17,short
328_chr2,short
328_chr3,short
328_chr4,short
329_chr1,short
329_chr11,short
329_chr17,short
329_chr2,short
329_chr3,short
329_chr4,short
33_chr1,short
33_chr11,short
33_chr17,short
33_chr2,short
33_chr3,short
33_chr4,short
330_chr1,short
330_chr11,short
330_chr17,short
330_chr2,short
330_chr3,short
330_chr4,short
331_chr1,short
331_chr11,short
331_chr17,short
331_chr2,short
331_chr3,short
331_chr4,short
332_chr1,short
332_chr11,short
332_chr17,short
332_chr2,short
332_chr3,short
332_chr4,short
333_chr1,short
333_chr11,short
333_chr17,short
333_chr2,short
333_chr3,short
333_chr4,short
334_chr1,short
334_chr11,short
334_chr17,short
334_chr2,short
334_chr3,short
334_chr4,short
335_chr1,short
335_chr11,short
335_chr17,short
335_chr2,short
335_chr3,short
335_chr4,short
336_chr1,short
336_chr11,short
336_chr17,short
336_chr2,short
336_chr3,short
336_chr4,short
337_chr1,short
337_chr11,short
337_chr17,short
337_chr2,short
337_chr3,short
337_chr4,short
338_chr1,short
338_chr11,short
338_chr17,short
338_chr2,short
338_chr3,short
338_chr4,short
339_chr1,short
339_chr11,short
339_chr17,short
339_chr2,short
339_chr3,short
339_chr4,short
34_chr1,short
34_chr11,short
34_chr17,short
34_chr2,short
34_chr3,short
34_chr4,short
340_chr1,short
340_chr11,short
340_chr17,short
340_chr2,short
340_chr3,short
340_chr4,short
341_chr1,short
341_chr11,short
341_chr17,short
341_chr2,short
341_chr3,short
341_chr4,short
342_chr1,short
342_chr11,short
342_chr17,short
342_chr2,short
342_chr3,short
342_chr4,short
343_chr1,short
343_chr11,short
343_chr17,short
343_chr2,short
343_chr3,short
343_chr4,short
344_chr1,short
344_chr11,short
344_chr17,short
344_chr2,short
344_chr3,short
344_chr4,short
345_chr1,short
345_chr11,short
345_chr17,short
345_chr2,short
345_chr3,short
345_chr4,short
346_chr1,short
346_chr11,short
346_chr17,short
346_chr2,short
346_chr3,short
346_chr4,short
347_chr1,short
347_chr11,short
347_chr17,short
347_chr2,short
347_chr3,short
347_chr4,short
348_chr1,short
348_chr11,short
348_chr17,short
348_chr2,short
348_chr3,short
348_chr4,short
349_chr1,short
349_chr11,short
349_chr17,short
349_chr2,short
349_chr3,short
349_chr4,short
35_chr1,short
35_chr11,short
35_chr17,short
35_chr2,short
35_chr3,short
35_chr4,short
350_chr1,short
350_chr11,short
350_chr17,short
350_chr2,short
350_chr3,short
350_chr4,short
351_chr1,short
351_chr11,short
351_chr17,short
351_chr2,short
351_chr3,short
351_chr4,short
352_chr1,short
352_chr11,short
352_chr17,short
352_chr2,short
352_chr3,short
352_chr4,short
353_chr1,short
353_chr11,short
353_chr17,short
353_chr2,short
353_chr3,short
353_chr4,short
354_chr1,short
354_chr11,short
354_chr17,short
354_chr2,short
354_chr3,short
354_chr4,short
355_chr1,short
355_chr11,short
355_chr17,short
355_chr2,short
355_chr3,short
355_chr4,short
356_chr1,short
356_chr11,short
356_chr17,short
356_chr2,short
356_chr3,short
356_chr4,short
357_chr1,short
357_chr11,short
357_chr17,short
357_chr2,short
357_chr3,short
357_chr4,short
358_chr1,short
358_chr11,short
358_chr17,short
358_chr2,short
358_chr3,short
358_chr4,short
359_chr1,short
359_chr11,short
359_chr17,short
359_chr2,short
359_chr3,short
359_chr4,short
36_chr1,short
36_chr11,short
36_chr17,short
36_chr2,short
36_chr3,short
36_chr4,short
360_chr1,short
360_chr11,short
360_chr17,short
360_chr2,short
360_chr3,short
360_chr4,short
361_chr1,short
361_chr11,short
361_chr17,short
361_chr2,short
361_chr3,short
361_chr4,short
362_chr1,short
362_chr11,short
362_chr17,short
362_chr2,short
362_chr3,short
362_chr4,short
363_chr1,short
363_chr11,short
363_chr17,short
363_chr2,short
363_chr3,short
363_chr4,short
364_chr1,short
364_chr11,short
364_chr17,short
364_chr2,short
364_chr3,short
364_chr4,short
365_chr1,short
365_chr11,short
365_chr17,short
365_chr2,short
365_chr3,short
365_chr4,short
366_chr1,short
366_chr11,short
366_chr17,short
366_chr2,short
366_chr3,short
366_chr4,short
367_chr1,short
367_chr11,short
367_chr17,short
367_chr2,short
367_chr3,short
367_chr4,short
368_chr11,short
368_chr17,short
368_chr2,short
369_chr1,short
369_chr11,short
369_chr17,short
369_chr2,short
369_chr3,short
369_chr4,short
37_chr1,short
37_chr11,short
37_chr17,short
37_chr2,short
37_chr3,short
37_chr4,short
371_chr1,short
371_chr11,short
371_chr17,short
371_chr2,short
371_chr3,short
371_chr4,short
373_chr1,short
373_chr11,short
373_chr17,short
373_chr2,short
373_chr3,short
373_chr4,short
375_chr1,short
375_chr17,short
375_chr2,short
375_chr3,short
375_chr4,short
376_chr1,short
376_chr11,short
376_chr17,short
376_chr2,short
376_chr3,short
376_chr4,short
377_chr1,short
377_chr11,short
377_chr17,short
377_chr2,short
377_chr3,short
377_chr4,short
378_chr1,short
378_chr11,short
378_chr17,short
378_chr2,short
378_chr3,short
378_chr4,short
379_chr1,short
379_chr11,short
379_chr17,short
379_chr2,short
379_chr3,short
379_chr4,short
38_chr1,short
38_chr17,short
38_chr2,short
38_chr3,short
38_chr4,short
380_chr1,short
380_chr11,short
380_chr17,short
380_chr2,short
380_chr3,short
380_chr4,short
381_chr1,short
381_chr11,short
381_chr17,short
381_chr2,short
381_chr3,short
381_chr4,short
382_chr1,short
382_chr11,short
382_chr17,short
382_chr2,short
382_chr3,short
382_chr4,short
383_chr1,short
383_chr11,short
383_chr17,short
383_chr2,short
383_chr3,short
383_chr4,short
384_chr1,short
384_chr11,short
384_chr17,short
384_chr2,short
384_chr3,short
384_chr4,short
385_chr1,short
385_chr11,short
385_chr17,short
385_chr2,short
385_chr3,short
385_chr4,short
386_chr1,short
386_chr11,short
386_chr17,short
386_chr2,short
386_chr3,short
386_chr4,short
387_chr1,short
387_chr11,short
387_chr17,short
387_chr2,short
387_chr3,short
387_chr4,short
388_chr1,short
388_chr11,short
388_chr17,short
388_chr2,short
388_chr3,short
388_chr4,short
389_chr1,short
389_chr11,short
389_chr17,short
389_chr2,short
389_chr3,short
389_chr4,short
39_chr1,short
39_chr11,short
39_chr17,short
39_chr2,short
39_chr3,short
39_chr4,short
390_chr1,short
390_chr11,short
390_chr17,short
390_chr2,short
390_chr3,short
390_chr4,short
391_chr1,short
391_chr11,short
391_chr17,short
391_chr2,short
391_chr3,short
391_chr4,short
392_chr1,short
392_chr11,short
392_chr17,short
392_chr2,short
392_chr3,short
392_chr4,short
393_chr1,short
393_chr11,short
393_chr17,short
393_chr2,short
393_chr3,short
393_chr4,short
394_chr1,short
394_chr11,short
394_chr17,short
394_chr2,short
394_chr3,short
394_chr4,short
395_chr1,short
395_chr11,short
395_chr17,short
395_chr2,short
395_chr3,short
395_chr4,short
396_chr1,short
396_chr11,short
396_chr17,short
396_chr2,short
396_chr3,short
396_chr4,short
397_chr1,short
397_chr11,short
397_chr17,short
397_chr2,short
397_chr3,short
397_chr4,short
398_chr1,short
398_chr11,short
398_chr17,short
398_chr2,short
398_chr3,short
398_chr4,short
399_chr1,short
399_chr11,short
399_chr17,short
399_chr2,short
399_chr3,short
399_chr4,short
4_chr1,short
4_chr11,short
4_chr17,short
4_chr2,short
4_chr3,short
4_chr4,short
40_chr1,short
40_chr11,short
40_chr17,short
40_chr2,short
40_chr3,short
40_chr4,short
400_chr1,short
400_chr11,short
400_chr17,short
400_chr2,short
400_chr3,short
400_chr4,short
401_chr1,short
401_chr11,short
401_chr17,short
401_chr2,short
401_chr3,short
401_chr4,short
402_chr1,short
402_chr11,short
402_chr17,short
402_chr2,short
402_chr3,short
402_chr4,short
403_chr1,short
403_chr11,short
403_chr17,short
403_chr2,short
403_chr3,short
403_chr4,short
405_chr1,short
405_chr11,short
405_chr17,short
405_chr2,short
405_chr3,short
405_chr4,short
406_chr1,short
406_chr11,short
406_chr17,short
406_chr2,short
406_chr3,short
406_chr4,short
407_chr1,short
407_chr11,short
407_chr17,short
407_chr2,short
407_chr3,short
407_chr4,short
408_chr1,short
408_chr11,short
408_chr17,short
408_chr2,short
408_chr3,short
408_chr4,short
409_chr1,short
409_chr11,short
409_chr17,short
409_chr2,short
409_chr3,short
409_chr4,short
41_chr1,short
41_chr11,short
41_chr17,short
41_chr2,short
41_chr3,short
41_chr4,short
410_chr1,short
410_chr11,short
410_chr17,short
410_chr2,short
410_chr3,short
410_chr4,short
411_chr1,short
411_chr11,short
411_chr17,short
411_chr2,short
411_chr3,short
411_chr4,short
412_chr1,short
412_chr11,short
412_chr17,short
412_chr2,short
412_chr3,short
412_chr4,short
413_chr1,short
413_chr11,short
413_chr17,short
413_chr2,short
413_chr3,short
413_chr4,short
414_chr1,short
414_chr11,short
414_chr17,short
414_chr2,short
414_chr3,short
414_chr4,short
415_chr1,short
415_chr11,short
415_chr17,short
415_chr2,short
415_chr3,short
415_chr4,short
416_chr1,short
416_chr11,short
416_chr17,short
416_chr2,short
416_chr3,short
416_chr4,short
417_chr1,short
417_chr11,short
417_chr17,short
417_chr2,short
417_chr3,short
417_chr4,short
418_chr1,short
418_chr11,short
418_chr17,short
418_chr2,short
418_chr3,short
418_chr4,short
419_chr1,short
419_chr11,short
419_chr2,short
419_chr3,short
419_chr4,short
42_chr1,short
42_chr11,short
42_chr17,short
42_chr2,short
42_chr3,short
42_chr4,short
420_chr1,short
420_chr11,short
420_chr17,short
420_chr2,short
420_chr3,short
420_chr4,short
421_chr1,short
421_chr11,short
421_chr17,short
421_chr2,short
421_chr3,short
421_chr4,short
422_chr1,short
422_chr11,short
422_chr17,short
422_chr2,short
422_chr3,short
422_chr4,short
423_chr1,short
423_chr11,short
423_chr17,short
423_chr2,short
423_chr3,short
423_chr4,short
424_chr1,short
424_chr11,short
424_chr17,short
424_chr2,short
424_chr3,short
424_chr4,short
425_chr1,short
425_chr11,short
425_chr17,short
425_chr2,short
425_chr3,short
425_chr4,short
427_chr1,short
427_chr11,short
427_chr17,short
427_chr2,short
427_chr3,short
427_chr4,short
428_chr1,short
428_chr11,short
428_chr17,short
428_chr2,short
428_chr3,short
428_chr4,short
429_chr1,short
429_chr11,short
429_chr17,short
429_chr2,short
429_chr3,short
429_chr4,short
43_chr1,short
43_chr11,short
43_chr17,short
43_chr2,short
43_chr3,short
43_chr4,short
430_chr1,short
430_chr11,short
430_chr17,short
430_chr2,short
430_chr3,short
430_chr4,short
431_chr1,short
431_chr11,short
431_chr17,short
431_chr2,short
431_chr3,short
431_chr4,short
432_chr1,short
432_chr11,short
432_chr17,short
432_chr2,short
432_chr3,short
432_chr4,short
433_chr1,short
433_chr11,short
433_chr17,short
433_chr2,short
433_chr3,short
433_chr4,short
434_chr1,short
434_chr11,short
434_chr17,short
434_chr2,short
434_chr3,short
434_chr4,short
435_chr1,short
435_chr11,short
435_chr17,short
435_chr2,short
435_chr3,short
435_chr4,short
436_chr1,short
436_chr11,short
436_chr17,short
436_chr2,short
436_chr3,short
436_chr4,short
437_chr1,short
437_chr11,short
437_chr17,short
437_chr2,short
437_chr3,short
437_chr4,short
438_chr1,short
438_chr11,short
438_chr17,short
438_chr2,short
438_chr3,short
438_chr4,short
439_chr1,short
439_chr11,short
439_chr17,short
439_chr2,short
439_chr3,short
439_chr4,short
44_chr1,short
44_chr11,short
44_chr17,short
44_chr2,short
44_chr3,short
44_chr4,short
440_chr1,short
440_chr11,short
440_chr17,short
440_chr2,short
440_chr3,short
440_chr4,short
441_chr1,short
441_chr17,short
441_chr2,short
441_chr3,short
441_chr4,short
442_chr1,short
442_chr11,short
442_chr17,short
442_chr2,short
442_chr3,short
442_chr4,short
443_chr1,short
443_chr11,short
443_chr17,short
443_chr2,short
443_chr3,short
443_chr4,short
444_chr1,short
444_chr11,short
444_chr17,short
444_chr2,short
444_chr3,short
444_chr4,short
445_chr1,short
445_chr11,short
445_chr17,short
445_chr2,short
445_chr3,short
445_chr4,short
446_chr1,short
446_chr11,short
446_chr17,short
446_chr2,short
446_chr3,short
446_chr4,short
447_chr1,short
447_chr11,short
447_chr17,short
447_chr2,short
447_chr3,short
447_chr4,short
448_chr1,short
448_chr11,short
448_chr17,short
448_chr2,short
448_chr3,short
448_chr4,short
449_chr1,short
449_chr11,short
449_chr17,short
449_chr2,short
449_chr3,short
449_chr4,short
45_chr1,short
45_chr11,short
45_chr17,short
45_chr2,short
45_chr3,short
45_chr4,short
450_chr1,short
450_chr11,short
450_chr17,short
450_chr2,short
450_chr3,short
450_chr4,short
451_chr1,short
451_chr11,short
451_chr17,short
451_chr2,short
451_chr3,short
451_chr4,short
452_chr1,short
452_chr11,short
452_chr17,short
452_chr2,short
452_chr3,short
452_chr4,short
453_chr1,short
453_chr11,short
453_chr17,short
453_chr2,short
453_chr3,short
453_chr4,short
454_chr1,short
454_chr11,short
454_chr17,short
454_chr2,short
454_chr3,short
454_chr4,short
455_chr1,short
455_chr11,short
455_chr17,short
455_chr2,short
455_chr3,short
455_chr4,short
456_chr1,short
456_chr11,short
456_chr17,short
456_chr2,short
456_chr3,short
456_chr4,short
457_chr1,short
457_chr11,short
457_chr17,short
457_chr2,short
457_chr3,short
457_chr4,short
458_chr1,short
458_chr11,short
458_chr17,short
458_chr2,short
458_chr3,short
458_chr4,short
459_chr1,short
459_chr11,short
459_chr17,short
459_chr2,short
459_chr3,short
459_chr4,short
46_chr1,short
46_chr11,short
46_chr17,short
46_chr2,short
46_chr3,short
46_chr4,short
460_chr1,short
460_chr11,short
460_chr17,short
460_chr2,short
460_chr3,short
460_chr4,short
462_chr1,short
462_chr11,short
462_chr17,short
462_chr2,short
462_chr3,short
462_chr4,short
463_chr1,short
463_chr11,short
463_chr17,short
463_chr2,short
463_chr3,short
463_chr4,short
464_chr1,short
464_chr11,short
464_chr17,short
464_chr2,short
464_chr3,short
464_chr4,short
465_chr1,short
465_chr11,short
465_chr17,short
465_chr2,short
465_chr3,short
465_chr4,short
466_chr1,short
466_chr11,short
466_chr17,short
466_chr2,short
466_chr3,short
466_chr4,short
468_chr1,short
468_chr11,short
468_chr17,short
468_chr2,short
468_chr3,short
468_chr4,short
469_chr1,short
469_chr11,short
469_chr17,short
469_chr2,short
469_chr3,short
469_chr4,short
47_chr1,short
47_chr11,short
47_chr17,short
47_chr2,short
47_chr3,short
47_chr4,short
470_chr1,short
470_chr11,short
470_chr17,short
470_chr2,short
470_chr3,short
470_chr4,short
471_chr1,short
471_chr11,short
471_chr17,short
471_chr2,short
471_chr3,short
471_chr4,short
472_chr1,short
472_chr11,short
472_chr17,short
472_chr2,short
472_chr3,short
472_chr4,short
473_chr1,short
473_chr11,short
473_chr17,short
473_chr2,short
473_chr3,short
473_chr4,short
474_chr1,short
474_chr11,short
474_chr17,short
474_chr2,short
474_chr3,short
474_chr4,short
475_chr1,short
475_chr11,short
475_chr17,short
475_chr2,short
475_chr3,short
475_chr4,short
476_chr1,short
476_chr11,short
476_chr17,short
476_chr2,short
476_chr3,short
476_chr4,short
477_chr1,short
477_chr11,short
477_chr17,short
477_chr2,short
477_chr3,short
477_chr4,short
478_chr1,short
478_chr11,short
478_chr17,short
478_chr2,short
478_chr3,short
478_chr4,short
479_chr1,short
479_chr11,short
479_chr17,short
479_chr2,short
479_chr3,short
479_chr4,short
48_chr1,short
48_chr11,short
48_chr17,short
48_chr2,short
48_chr3,short
48_chr4,short
480_chr1,short
480_chr11,short
480_chr17,short
480_chr2,short
480_chr3,short
480_chr4,short
481_chr1,short
481_chr11,short
481_chr17,short
481_chr2,short
481_chr3,short
481_chr4,short
482_chr1,short
482_chr11,short
482_chr17,short
482_chr2,short
482_chr3,short
482_chr4,short
483_chr1,short
483_chr11,short
483_chr17,short
483_chr2,short
483_chr3,short
483_chr4,short
484_chr1,short
484_chr11,short
484_chr17,short
484_chr2,short
484_chr3,short
484_chr4,short
485_chr1,short
485_chr11,short
485_chr17,short
485_chr2,short
485_chr3,short
485_chr4,short
486_chr1,short
486_chr11,short
486_chr17,short
486_chr2,short
486_chr3,short
486_chr4,short
487_chr1,short
487_chr11,short
487_chr17,short
487_chr2,short
487_chr3,short
488_chr1,short
488_chr11,short
488_chr17,short
488_chr2,short
488_chr3,short
488_chr4,short
489_chr1,short
489_chr11,short
489_chr17,short
489_chr2,short
489_chr3,short
489_chr4,short
49_chr1,short
49_chr11,short
49_chr17,short
49_chr2,short
49_chr3,short
49_chr4,short
490_chr1,short
490_chr11,short
490_chr17,short
490_chr2,short
490_chr3,short
490_chr4,short
491_chr1,short
491_chr11,short
491_chr17,short
491_chr2,short
491_chr3,short
491_chr4,short
492_chr1,short
492_chr11,short
492_chr17,short
492_chr2,short
492_chr3,short
492_chr4,short
493_chr1,short
493_chr11,short
493_chr17,short
493_chr2,short
493_chr3,short
493_chr4,short
494_chr1,short
494_chr11,short
494_chr17,short
494_chr2,short
494_chr3,short
494_chr4,short
495_chr1,short
495_chr11,short
495_chr2,short
495_chr3,short
495_chr4,short
496_chr1,short
496_chr11,short
496_chr17,short
496_chr2,short
496_chr3,short
496_chr4,short
498_chr1,short
498_chr11,short
498_chr17,short
498_chr2,short
498_chr3,short
498_chr4,short
499_chr1,short
499_chr11,short
499_chr17,short
499_chr2,short
499_chr3,short
499_chr4,short
5_chr1,short
5_chr11,short
5_chr17,short
5_chr2,short
5_chr3,short
5_chr4,short
50_chr1,short
50_chr11,short
50_chr17,short
50_chr2,short
50_chr3,short
50_chr4,short
501_chr1,long
501_chr11,long
501_chr17,long
501_chr2,long
501_chr3,long
501_chr4,long
503_chr1,short
503_chr11,short
503_chr17,short
503_chr2,short
503_chr3,short
503_chr4,short
504_chr1,short
504_chr11,short
504_chr17,short
504_chr2,short
504_chr3,short
504_chr4,short
505_chr1,short
505_chr11,short
505_chr17,short
505_chr2,short
505_chr3,short
505_chr4,short
506_chr1,short
506_chr11,short
506_chr17,short
506_chr2,short
506_chr3,short
506_chr4,short
507_chr1,long
507_chr11,long
507_chr17,long
507_chr2,long
507_chr3,long
507_chr4,long
508_chr1,long
508_chr11,long
508_chr17,long
508_chr2,long
508_chr3,long
508_chr4,long
509_chr1,short
509_chr11,short
509_chr17,short
509_chr2,short
509_chr3,short
509_chr4,short
51_chr1,short
51_chr11,short
51_chr17,short
51_chr2,short
51_chr3,short
51_chr4,short
510_chr1,short
510_chr11,short
510_chr17,short
510_chr2,short
510_chr3,short
510_chr4,short
511_chr1,short
511_chr11,short
511_chr17,short
511_chr2,short
511_chr3,short
511_chr4,short
512_chr1,long
512_chr11,long
512_chr17,long
512_chr2,long
512_chr3,long
512_chr4,long
513_chr1,short
513_chr11,short
513_chr17,short
513_chr2,short
513_chr3,short
513_chr4,short
515_chr1,short
515_chr11,short
515_chr17,short
515_chr2,short
515_chr3,short
515_chr4,short
516_chr1,short
516_chr11,short
516_chr17,short
516_chr2,short
516_chr3,short
516_chr4,short
519_chr1,short
519_chr11,short
519_chr17,short
519_chr2,short
519_chr3,short
519_chr4,short
52_chr1,short
52_chr11,short
52_chr17,short
52_chr2,short
52_chr3,short
52_chr4,short
520_chr1,short
520_chr11,short
520_chr17,short
520_chr2,short
520_chr3,short
520_chr4,short
521_chr1,short
521_chr11,short
521_chr17,short
521_chr2,short
521_chr3,short
521_chr4,short
522_chr1,short
522_chr11,short
522_chr17,short
522_chr2,short
522_chr3,short
522_chr4,short
523_chr1,short
523_chr11,short
523_chr17,short
523_chr2,short
523_chr3,short
523_chr4,short
524_chr1,long
524_chr11,long
524_chr17,long
524_chr2,long
524_chr3,long
524_chr4,long
525_chr1,short
525_chr11,short
525_chr17,short
525_chr2,short
525_chr3,short
525_chr4,short
526_chr1,short
526_chr11,short
526_chr17,short
526_chr2,short
526_chr3,short
526_chr4,short
527_chr1,short
527_chr11,short
527_chr17,short
527_chr2,short
527_chr3,short
527_chr4,short
528_chr1,short
528_chr11,short
528_chr17,short
528_chr2,short
528_chr3,short
528_chr4,short
529_chr1,short
529_chr11,short
529_chr17,short
529_chr2,short
529_chr3,short
529_chr4,short
53_chr1,short
53_chr11,short
53_chr17,short
53_chr2,short
53_chr3,short
53_chr4,short
530_chr1,short
530_chr11,short
530_chr17,short
530_chr2,short
530_chr3,short
530_chr4,short
531_chr1,short
531_chr11,short
531_chr17,short
531_chr2,short
531_chr3,short
531_chr4,short
532_chr1,short
532_chr11,short
532_chr17,short
532_chr2,short
532_chr3,short
532_chr4,short
533_chr1,short
533_chr11,short
533_chr17,short
533_chr2,short
533_chr3,short
533_chr4,short
534_chr1,short
534_chr11,short
534_chr17,short
534_chr2,short
534_chr3,short
534_chr4,short
535_chr1,short
535_chr11,short
535_chr17,short
535_chr2,short
535_chr3,short
535_chr4,short
536_chr1,short
536_chr11,short
536_chr17,short
536_chr2,short
536_chr3,short
536_chr4,short
537_chr1,short
537_chr11,short
537_chr17,short
537_chr2,short
537_chr3,short
537_chr4,short
538_chr1,short
538_chr11,short
538_chr17,short
538_chr2,short
538_chr3,short
538_chr4,short
539_chr1,long
539_chr11,long
539_chr17,long
539_chr2,long
539_chr3,long
539_chr4,long
54_chr1,short
54_chr11,short
54_chr17,short
54_chr2,short
54_chr3,short
54_chr4,short
540_chr1,short
540_chr11,short
540_chr17,short
540_chr2,short
540_chr3,short
540_chr4,short
541_chr1,long
541_chr11,long
541_chr17,long
541_chr2,long
541_chr3,long
541_chr4,long
542_chr1,long
542_chr11,long
542_chr17,long
542_chr2,long
542_chr3,long
542_chr4,long
543_chr1,long
543_chr11,long
543_chr17,long
543_chr2,long
543_chr3,long
543_chr4,long
544_chr1,short
544_chr11,short
544_chr17,short
544_chr2,short
544_chr3,short
544_chr4,short
545_chr1,short
545_chr11,short
545_chr17,short
545_chr2,short
545_chr3,short
545_chr4,short
546_chr1,long
546_chr11,long
546_chr17,long
546_chr2,long
546_chr3,long
546_chr4,long
547_chr1,long
547_chr11,long
547_chr17,long
547_chr2,long
547_chr3,long
547_chr4,long
548_chr1,short
548_chr11,short
548_chr17,short
548_chr2,short
548_chr3,short
548_chr4,short
55_chr1,short
55_chr11,short
55_chr17,short
55_chr2,short
55_chr3,short
55_chr4,short
550_chr1,short
550_chr11,short
550_chr17,short
550_chr2,short
550_chr3,short
550_chr4,short
551_chr1,short
551_chr11,short
551_chr17,short
551_chr2,short
551_chr3,short
551_chr4,short
552_chr1,short
552_chr11,short
552_chr17,short
552_chr2,short
552_chr3,short
552_chr4,short
553_chr1,short
553_chr11,short
553_chr17,short
553_chr2,short
553_chr3,short
553_chr4,short
554_chr1,short
554_chr11,short
554_chr17,short
554_chr2,short
554_chr3,short
554_chr4,short
555_chr1,short
555_chr11,short
555_chr17,short
555_chr2,short
555_chr3,short
555_chr4,short
556_chr1,short
556_chr11,short
556_chr17,short
556_chr2,short
556_chr3,short
556_chr4,short
557_chr1,short
557_chr11,short
557_chr17,short
557_chr2,short
557_chr3,short
557_chr4,short
558_chr1,short
558_chr11,short
558_chr17,short
558_chr2,short
558_chr3,short
558_chr4,short
559_chr1,short
559_chr11,short
559_chr17,short
559_chr2,short
559_chr3,short
559_chr4,short
56_chr1,short
56_chr11,short
56_chr17,short
56_chr2,short
56_chr3,short
56_chr4,short
560_chr1,long
560_chr11,long
560_chr17,long
560_chr2,long
560_chr3,long
560_chr4,long
561_chr1,short
561_chr11,short
561_chr17,short
561_chr2,short
561_chr3,short
561_chr4,short
563_chr1,long
563_chr11,long
563_chr17,long
563_chr2,long
563_chr3,long
563_chr4,long
564_chr1,short
564_chr11,short
564_chr17,short
564_chr2,short
564_chr3,short
564_chr4,short
565_chr1,short
565_chr11,short
565_chr17,short
565_chr2,short
565_chr3,short
565_chr4,short
566_chr1,short
566_chr11,short
566_chr17,short
566_chr2,short
566_chr3,short
566_chr4,short
567_chr1,short
567_chr11,short
567_chr17,short
567_chr2,short
567_chr3,short
567_chr4,short
568_chr1,short
568_chr11,short
568_chr17,short
568_chr2,short
568_chr3,short
568_chr4,short
569_chr1,short
569_chr11,short
569_chr17,short
569_chr2,short
569_chr3,short
569_chr4,short
57_chr1,short
57_chr11,short
57_chr2,short
57_chr3,short
57_chr4,short
570_chr1,short
570_chr11,short
570_chr17,short
570_chr2,short
570_chr3,short
570_chr4,short
571_chr1,short
571_chr11,short
571_chr17,short
571_chr2,short
571_chr3,short
571_chr4,short
572_chr1,short
572_chr11,short
572_chr17,short
572_chr2,short
572_chr3,short
572_chr4,short
573_chr1,short
573_chr11,short
573_chr17,short
573_chr2,short
573_chr3,short
573_chr4,short
574_chr1,short
574_chr11,short
574_chr17,short
574_chr2,short
574_chr3,short
574_chr4,short
575_chr1,short
575_chr11,short
575_chr17,short
575_chr2,short
575_chr3,short
575_chr4,short
576_chr1,short
576_chr11,short
576_chr17,short
576_chr2,short
576_chr3,short
576_chr4,short
577_chr1,short
577_chr11,short
577_chr17,short
577_chr2,short
577_chr3,short
577_chr4,short
578_chr1,short
578_chr11,short
578_chr17,short
578_chr2,short
578_chr3,short
578_chr4,short
579_chr1,short
579_chr11,short
579_chr17,short
579_chr2,short
579_chr3,short
579_chr4,short
58_chr1,short
58_chr11,short
58_chr17,short
58_chr2,short
58_chr3,short
58_chr4,short
580_chr1,short
580_chr11,short
580_chr17,short
580_chr2,short
580_chr3,short
580_chr4,short
581_chr1,short
581_chr11,short
581_chr17,short
581_chr2,short
581_chr3,short
581_chr4,short
582_chr1,short
582_chr11,short
582_chr17,short
582_chr2,short
582_chr3,short
582_chr4,short
583_chr1,long
583_chr11,long
583_chr17,long
583_chr2,long
583_chr3,long
583_chr4,long
584_chr1,short
584_chr11,short
584_chr17,short
584_chr2,short
584_chr3,short
584_chr4,short
585_chr1,long
585_chr11,long
585_chr17,long
585_chr2,long
585_chr3,long
585_chr4,long
586_chr1,short
586_chr11,short
586_chr17,short
586_chr2,short
586_chr3,short
586_chr4,short
587_chr1,short
587_chr11,short
587_chr17,short
587_chr2,short
587_chr3,short
587_chr4,short
588_chr1,short
588_chr11,short
588_chr17,short
588_chr2,short
588_chr3,short
588_chr4,short
589_chr1,short
589_chr11,short
589_chr17,short
589_chr2,short
589_chr3,short
589_chr4,short
590_chr1,long
590_chr11,long
590_chr17,long
590_chr2,long
590_chr3,long
590_chr4,long
591_chr1,short
591_chr11,short
591_chr17,short
591_chr2,short
591_chr3,short
591_chr4,short
592_chr1,short
592_chr11,short
592_chr17,short
592_chr2,short
592_chr3,short
592_chr4,short
593_chr1,short
593_chr11,short
593_chr17,short
593_chr2,short
593_chr3,short
593_chr4,short
594_chr1,short
594_chr11,short
594_chr17,short
594_chr2,short
594_chr3,short
594_chr4,short
596_chr1,short
596_chr11,short
596_chr17,short
596_chr2,short
596_chr3,short
596_chr4,short
597_chr1,short
597_chr11,short
597_chr17,short
597_chr2,short
597_chr3,short
597_chr4,short
598_chr1,short
598_chr11,short
598_chr17,short
598_chr2,short
598_chr3,short
598_chr4,short
599_chr1,long
599_chr11,long
599_chr17,long
599_chr2,long
599_chr3,long
599_chr4,long
6_chr1,short
6_chr11,short
6_chr17,short
6_chr2,short
6_chr3,short
6_chr4,short
60_chr1,short
60_chr11,short
60_chr17,short
60_chr2,short
60_chr3,short
60_chr4,short
601_chr1,short
601_chr11,short
601_chr17,short
601_chr2,short
601_chr3,short
601_chr4,short
602_chr1,short
602_chr11,short
602_chr17,short
602_chr2,short
602_chr3,short
602_chr4,short
603_chr1,short
603_chr11,short
603_chr17,short
603_chr2,short
603_chr3,short
603_chr4,short
61_chr1,short
61_chr11,short
61_chr17,short
61_chr2,short
61_chr3,short
61_chr4,short
62_chr1,short
62_chr11,short
62_chr17,short
62_chr2,short
62_chr3,short
62_chr4,short
63_chr1,short
63_chr11,short
63_chr17,short
63_chr2,short
63_chr3,short
63_chr4,short
64_chr1,short
64_chr11,short
64_chr17,short
64_chr2,short
64_chr3,short
64_chr4,short
65_chr1,short
65_chr11,short
65_chr17,short
65_chr2,short
65_chr3,short
65_chr4,short
66_chr1,short
66_chr11,short
66_chr17,short
66_chr2,short
66_chr3,short
66_chr4,short
67_chr1,short
67_chr11,short
67_chr17,short
67_chr2,short
67_chr3,short
67_chr4,short
68_chr1,short
68_chr11,short
68_chr17,short
68_chr2,short
68_chr3,short
68_chr4,short
69_chr1,short
69_chr11,short
69_chr17,short
69_chr2,short
69_chr3,short
69_chr4,short
7_chr1,short
7_chr11,short
7_chr17,short
7_chr2,short
7_chr3,short
7_chr4,short
70_chr1,short
70_chr11,short
70_chr17,short
70_chr2,short
70_chr3,short
70_chr4,short
72_chr1,short
72_chr11,short
72_chr17,short
72_chr2,short
72_chr3,short
72_chr4,short
73_chr1,short
73_chr11,short
73_chr17,short
73_chr2,short
73_chr3,short
73_chr4,short
74_chr1,short
74_chr11,short
74_chr17,short
74_chr2,short
74_chr3,short
74_chr4,short
75_chr1,short
75_chr11,short
75_chr17,short
75_chr2,short
75_chr3,short
75_chr4,short
76_chr1,short
76_chr11,short
76_chr17,short
76_chr2,short
76_chr3,short
76_chr4,short
77_chr1,short
77_chr11,short
77_chr17,short
77_chr2,short
77_chr3,short
77_chr4,short
78_chr1,short
78_chr11,short
78_chr17,short
78_chr2,short
78_chr3,short
78_chr4,short
79_chr11,short
79_chr17,short
79_chr2,short
79_chr3,short
79_chr4,short
8_chr1,short
8_chr11,short
8_chr17,short
8_chr2,short
8_chr3,short
8_chr4,short
80_chr1,short
80_chr11,short
80_chr17,short
80_chr2,short
80_chr3,short
80_chr4,short
81_chr1,short
81_chr11,short
81_chr17,short
81_chr2,short
81_chr3,short
81_chr4,short
82_chr1,short
82_chr11,short
82_chr17,short
82_chr2,short
82_chr3,short
82_chr4,short
83_chr1,short
83_chr11,short
83_chr17,short
83_chr2,short
83_chr3,short
83_chr4,short
84_chr1,short
84_chr11,short
84_chr17,short
84_chr2,short
84_chr3,short
84_chr4,short
85_chr1,short
85_chr11,short
85_chr17,short
85_chr2,short
85_chr3,short
85_chr4,short
86_chr1,short
86_chr11,short
86_chr17,short
86_chr2,short
86_chr3,short
86_chr4,short
87_chr1,short
87_chr11,short
87_chr17,short
87_chr2,short
87_chr3,short
87_chr4,short
88_chr1,short
88_chr11,short
88_chr17,short
88_chr2,short
88_chr3,short
88_chr4,short
89_chr1,short
89_chr11,short
89_chr17,short
89_chr2,short
89_chr3,short
89_chr4,short
9_chr1,short
9_chr11,short
9_chr17,short
9_chr2,short
9_chr3,short
9_chr4,short
91_chr1,short
91_chr11,short
91_chr17,short
91_chr2,short
91_chr3,short
91_chr4,short
92_chr1,short
92_chr11,short
92_chr17,short
92_chr2,short
92_chr3,short
92_chr4,short
93_chr1,short
93_chr11,short
93_chr17,short
93_chr2,short
93_chr3,short
93_chr4,short
94_chr1,short
94_chr11,short
94_chr17,short
94_chr2,short
94_chr3,short
94_chr4,short
95_chr1,short
95_chr11,short
95_chr17,short
95_chr2,short
95_chr3,short
95_chr4,short
96_chr1,short
96_chr11,short
96_chr17,short
96_chr2,short
96_chr3,short
96_chr4,short
97_chr1,short
97_chr11,short
97_chr17,short
97_chr2,short
97_chr3,short
97_chr4,short
98_chr1,short
98_chr11,short
98_chr17,short
98_chr2,short
98_chr3,short
98_chr4,short
99_chr1,short
99_chr11,short
99_chr17,short
99_chr2,short
99_chr3,short
99_chr4,short
